Time,Activity,PhoneDevice,android_sensor_accelerometer0,android_sensor_accelerometer1,android_sensor_accelerometer2,Lat,Long,XYZ
1500575880020,isaac,motorola-XT1096,-6.502651691,3.543418407,5.717353821,30.6186076,-96.3398112,X
1500575880090,isaac,motorola-XT1096,-6.684611321,5.171475887,4.098873138,30.6186076,-96.3398112,X
1500575880130,isaac,motorola-XT1096,-6.579266071,5.765237808,6.79953289,30.6186076,-96.3398112,Y
1500575880190,isaac,motorola-XT1096,-7.201758862,5.391742229,5.995080948,30.6186076,-96.3398112,X
1500575880250,isaac,motorola-XT1096,-3.993528366,5.027823448,4.395754337,30.6186076,-96.3398112,Z
1500575880310,isaac,motorola-XT1096,-4.108449936,8.092401505,2.652775526,30.6186076,-96.3398112,X
1500575880370,isaac,motorola-XT1096,-4.165910721,8.485051155,5.650316238,30.6186076,-96.3398112,X
1500575880430,isaac,motorola-XT1096,-3.591302633,6.617573261,5.31512785,30.6186076,-96.3398112,Y
1500575880520,isaac,motorola-XT1096,-3.49553442,7.354987621,5.056553841,30.6186076,-96.3398112,Y
1500575880540,isaac,motorola-XT1096,-5.458779812,5.851428986,6.042964935,30.6186076,-96.3398112,X
1500575880600,isaac,motorola-XT1096,-4.711789131,7.603984833,5.94719696,30.6186076,-96.3398112,Z
1500575880670,isaac,motorola-XT1096,-5.755661011,7.498639584,4.252102375,30.6186076,-96.3398112,Y
1500575880720,isaac,motorola-XT1096,-4.319139957,8.140285492,7.460332394,30.6186076,-96.3398112,Y
1500575880780,isaac,motorola-XT1096,-6.99106884,7.431602001,5.544970989,30.6186076,-96.3398112,Y
1500575880850,isaac,motorola-XT1096,-8.58081913,7.307103634,3.782838583,30.6186076,-96.3398112,Y
1500575880920,isaac,motorola-XT1096,-5.477933407,6.540958881,4.922478676,30.6186076,-96.3398112,Z
1500575880960,isaac,motorola-XT1096,-4.778826714,3.821146011,4.012681961,30.6186076,-96.3398112,Z
1500575881020,isaac,motorola-XT1096,-7.546523571,6.196194172,6.253654957,30.6186076,-96.3398112,X
1500575881100,isaac,motorola-XT1096,-8.216899872,6.847416878,2.499546528,30.6186076,-96.3398112,Z
1500575881140,isaac,motorola-XT1096,-9.212887764,4.845864296,4.165910721,30.6186076,-96.3398112,Z
1500575881200,isaac,motorola-XT1096,-4.596867085,4.42448473,4.702212334,30.6186076,-96.3398112,X
1500575881260,isaac,motorola-XT1096,-1.139639974,7.92001915,-0.383072257,30.6186076,-96.3398112,Y
1500575881340,isaac,motorola-XT1096,-7.939172745,8.03494072,7.173028469,30.6186076,-96.3398112,X
1500575881370,isaac,motorola-XT1096,-6.579266071,4.558559895,7.144298077,30.6186076,-96.3398112,Z
1500575881440,isaac,motorola-XT1096,-5.765237808,7.077260017,4.740519524,30.6186076,-96.3398112,X
1500575881510,isaac,motorola-XT1096,-5.841852188,5.544970989,3.371036053,30.6186076,-96.3398112,Z
1500575881550,isaac,motorola-XT1096,-5.286397457,5.861005783,5.382165432,30.6186076,-96.3398112,X
1500575881610,isaac,motorola-XT1096,-6.416460514,8.437167168,5.803544998,30.6186076,-96.3398112,Y
1500575881680,isaac,motorola-XT1096,-5.046977043,5.104437828,5.114014626,30.6186076,-96.3398112,Y
1500575881730,isaac,motorola-XT1096,-7.096413612,7.575253963,4.884171486,30.6186076,-96.3398112,X
1500575881790,isaac,motorola-XT1096,-6.493074894,5.410895824,3.677493811,30.6186076,-96.3398112,Y
1500575881860,isaac,motorola-XT1096,-7.240066051,4.730942726,6.694188118,30.6186076,-96.3398112,Z
1500575881920,isaac,motorola-XT1096,-5.650316238,5.908889771,3.687070608,30.6186076,-96.3398112,Z
1500575881970,isaac,motorola-XT1096,-6.924031258,4.472368717,3.620033026,30.6186076,-96.3398112,Y
1500575882030,isaac,motorola-XT1096,-5.803544998,6.560112476,7.7284832,30.6186076,-96.3398112,Z
1500575882090,isaac,motorola-XT1096,-4.644751072,7.738059998,1.81959331,30.6186076,-96.3398112,Y
1500575882150,isaac,motorola-XT1096,-7.795520782,5.621585369,4.089296341,30.6186076,-96.3398112,X
1500575882200,isaac,motorola-XT1096,-4.817133904,5.497087002,4.405331135,30.6186076,-96.3398112,X
1500575882260,isaac,motorola-XT1096,-5.286397457,6.406883717,3.476380825,30.6186076,-96.3398112,Y
1500575882320,isaac,motorola-XT1096,-6.368576527,5.612008572,3.438073635,30.6186076,-96.3398112,Z
1500575882380,isaac,motorola-XT1096,-7.412448406,7.80509758,4.865017891,30.6186076,-96.3398112,X
1500575882440,isaac,motorola-XT1096,-5.228936672,11.39640045,2.691082716,30.6186076,-96.3398112,X
1500575882520,isaac,motorola-XT1096,-3.08373189,3.246537447,7.603984833,30.6186076,-96.3398112,Z
1500575882560,isaac,motorola-XT1096,-2.298433542,8.408436775,1.446097851,30.6186076,-96.3398112,Z
1500575882620,isaac,motorola-XT1096,-5.506663799,12.06677628,3.667917013,30.6186076,-96.3398112,X
1500575882680,isaac,motorola-XT1096,-2.30801034,8.226476669,5.008669853,30.6186076,-96.3398112,X
1500575882740,isaac,motorola-XT1096,-3.859453201,9.605537415,4.031835556,30.6186076,-96.3398112,X
1500575882800,isaac,motorola-XT1096,-6.550535679,4.548983097,5.592854977,30.6186076,-96.3398112,X
1500575882860,isaac,motorola-XT1096,-3.093308687,8.54251194,6.473921299,30.6186076,-96.3398112,X
1500575882920,isaac,motorola-XT1096,-3.974374771,5.822698593,5.889736176,30.6186076,-96.3398112,Y
1500575882970,isaac,motorola-XT1096,-5.209783077,8.46589756,3.08373189,30.6186076,-96.3398112,X
1500575883030,isaac,motorola-XT1096,-3.869029999,8.006210327,5.535394192,30.6186076,-96.3398112,X
1500575883100,isaac,motorola-XT1096,-5.612008572,7.354987621,5.774814606,30.6186076,-96.3398112,X
1500575883150,isaac,motorola-XT1096,-4.941632271,8.274360657,4.414907932,30.6186076,-96.3398112,Z
1500575883210,isaac,motorola-XT1096,-7.115567684,6.87614727,2.863465309,30.6186076,-96.3398112,Z
1500575883270,isaac,motorola-XT1096,-4.414907932,8.523358345,0.909796655,30.6186076,-96.3398112,Y
1500575883340,isaac,motorola-XT1096,-7.019799232,5.707777023,7.910442352,30.6186076,-96.3398112,Y
1500575883390,isaac,motorola-XT1096,-2.940079689,5.98550415,3.782838583,30.6186076,-96.3398112,Z
1500575883450,isaac,motorola-XT1096,-8.312667847,6.090848923,4.414907932,30.6186076,-96.3398112,X
1500575883520,isaac,motorola-XT1096,-7.058106422,5.889736176,5.20020628,30.6186076,-96.3398112,X
1500575883560,isaac,motorola-XT1096,-6.138733387,5.650316238,4.338293552,30.6186076,-96.3398112,Z
1500575883620,isaac,motorola-XT1096,-7.431602001,4.750096321,4.520252705,30.6186076,-96.3398112,X
1500575883700,isaac,motorola-XT1096,-5.995080948,6.828263283,4.38617754,30.6186076,-96.3398112,Y
1500575883740,isaac,motorola-XT1096,-7.584830761,6.885724068,5.248090267,30.6186076,-96.3398112,X
1500575883800,isaac,motorola-XT1096,-4.38617754,7.575253963,3.849876404,30.6186076,-96.3398112,Z
1500575883860,isaac,motorola-XT1096,-6.224924564,6.655880928,4.721365929,30.6186076,-96.3398112,Y
1500575883940,isaac,motorola-XT1096,-5.420472622,7.10599041,4.865017891,30.6186076,-96.3398112,Y
1500575883980,isaac,motorola-XT1096,-4.003105164,8.178592682,4.328716755,30.6186076,-96.3398112,Y
1500575884040,isaac,motorola-XT1096,-4.979939461,7.795520782,5.228936672,30.6186076,-96.3398112,Z
1500575884120,isaac,motorola-XT1096,-3.993528366,8.111555099,4.156333923,30.6186076,-96.3398112,Z
1500575884160,isaac,motorola-XT1096,-2.997540474,7.211335659,5.430049419,30.6186076,-96.3398112,X
1500575884220,isaac,motorola-XT1096,-2.595314741,9.414001465,4.472368717,30.6186076,-96.3398112,Y
1500575884280,isaac,motorola-XT1096,-3.715801001,7.833827972,5.248090267,30.6186076,-96.3398112,Y
1500575884360,isaac,motorola-XT1096,-3.811569214,7.201758862,4.022258759,30.6186076,-96.3398112,X
1500575884390,isaac,motorola-XT1096,-5.20020628,8.561665535,5.774814606,30.6186076,-96.3398112,X
1500575884450,isaac,motorola-XT1096,-6.042964935,7.173028469,5.765237808,30.6186076,-96.3398112,Z
1500575884510,isaac,motorola-XT1096,-4.481945515,6.91445446,4.730942726,30.6186076,-96.3398112,Z
1500575884590,isaac,motorola-XT1096,-3.993528366,6.215347767,5.114014626,30.6186076,-96.3398112,X
1500575884630,isaac,motorola-XT1096,-5.343858242,6.320692539,5.736507416,30.6186076,-96.3398112,X
1500575884690,isaac,motorola-XT1096,-6.464344502,8.226476669,5.075707436,30.6186076,-96.3398112,Y
1500575884770,isaac,motorola-XT1096,-9.691728592,6.627150536,4.817133904,30.6186076,-96.3398112,Y
1500575884810,isaac,motorola-XT1096,-3.505111218,6.042964935,4.491522312,30.6186076,-96.3398112,Y
1500575884870,isaac,motorola-XT1096,-8.647856712,7.02937603,5.793968201,30.6186076,-96.3398112,Z
1500575884950,isaac,motorola-XT1096,-3.524264812,7.460332394,2.719813108,30.6186076,-96.3398112,Z
1500575885000,isaac,motorola-XT1096,-6.684611321,4.654327869,5.295974255,30.6186076,-96.3398112,Y
1500575885040,isaac,motorola-XT1096,-3.907337189,4.472368717,5.066130638,30.6179377,-96.3409216,X
1500575885120,isaac,motorola-XT1096,-8.916007042,5.640739441,4.817133904,30.6179377,-96.3409216,X
1500575885160,isaac,motorola-XT1096,-4.970362663,5.592854977,4.050989151,30.6179377,-96.3409216,X
1500575885220,isaac,motorola-XT1096,-5.267243862,7.757213593,5.784391403,30.6179377,-96.3409216,X
1500575885280,isaac,motorola-XT1096,-7.95832634,4.740519524,5.075707436,30.6179377,-96.3409216,X
1500575885340,isaac,motorola-XT1096,-8.054094315,7.316680431,5.085284233,30.6179377,-96.3409216,X
1500575885400,isaac,motorola-XT1096,-3.801992416,7.259219646,3.706224203,30.6179377,-96.3409216,X
1500575885460,isaac,motorola-XT1096,-6.033388138,5.31512785,4.414907932,30.6179377,-96.3409216,X
1500575885520,isaac,motorola-XT1096,-2.940079689,6.320692539,5.870582581,30.6179377,-96.3409216,Z
1500575885580,isaac,motorola-XT1096,-5.679046631,7.747636795,5.267243862,30.6179377,-96.3409216,X
1500575885640,isaac,motorola-XT1096,-2.987963676,8.532935143,4.50109911,30.6179377,-96.3409216,Y
1500575885710,isaac,motorola-XT1096,-2.298433542,7.086836815,5.267243862,30.6179377,-96.3409216,Z
1500575885760,isaac,motorola-XT1096,-5.075707436,10.49618053,7.278373241,30.6179377,-96.3409216,Y
1500575885820,isaac,motorola-XT1096,-4.769249916,6.588842869,5.114014626,30.6179377,-96.3409216,Z
1500575885870,isaac,motorola-XT1096,-2.968810081,5.027823448,6.560112476,30.6179377,-96.3409216,X
1500575885940,isaac,motorola-XT1096,-2.671929121,11.15697956,4.884171486,30.6179377,-96.3409216,Z
1500575885990,isaac,motorola-XT1096,-5.535394192,9.232041359,4.970362663,30.6179377,-96.3409216,X
1500575886050,isaac,motorola-XT1096,-4.740519524,6.502651691,5.372588634,30.6179377,-96.3409216,Z
1500575886120,isaac,motorola-XT1096,-4.46279192,5.755661011,5.16189909,30.6179377,-96.3409216,X
1500575886170,isaac,motorola-XT1096,-6.263231754,6.971915245,4.855441093,30.6179377,-96.3409216,X
1500575886230,isaac,motorola-XT1096,-7.747636795,5.688623428,3.648763418,30.6179377,-96.3409216,Y
1500575886330,isaac,motorola-XT1096,-5.650316238,7.278373241,4.711789131,30.6179377,-96.3409216,Y
1500575886360,isaac,motorola-XT1096,-4.38617754,6.885724068,5.535394192,30.6179377,-96.3409216,X
1500575886410,isaac,motorola-XT1096,-7.92001915,4.673481941,6.186617374,30.6179377,-96.3409216,X
1500575886470,isaac,motorola-XT1096,-7.431602001,5.066130638,4.434061527,30.6179377,-96.3409216,X
1500575886520,isaac,motorola-XT1096,-6.531382084,6.004657745,7.268796444,30.6179377,-96.3409216,Z
1500575886580,isaac,motorola-XT1096,-4.721365929,6.02381134,4.175487995,30.6179377,-96.3409216,Z
1500575886640,isaac,motorola-XT1096,-5.372588634,6.426037312,5.477933407,30.6179377,-96.3409216,Z
1500575886720,isaac,motorola-XT1096,-5.631162167,9.62469101,7.747636795,30.6179377,-96.3409216,Z
1500575886760,isaac,motorola-XT1096,-5.98550415,9.730035782,5.286397457,30.6179377,-96.3409216,Y
1500575886820,isaac,motorola-XT1096,-4.050989151,7.268796444,5.35343504,30.6179377,-96.3409216,X
1500575886890,isaac,motorola-XT1096,-3.256114244,8.082824707,5.659893036,30.6179377,-96.3409216,Z
1500575886940,isaac,motorola-XT1096,-3.639186621,9.404424667,5.477933407,30.6179377,-96.3409216,Y
1500575887000,isaac,motorola-XT1096,-3.983951569,8.916007042,4.127603531,30.6179377,-96.3409216,Z
1500575887060,isaac,motorola-XT1096,-4.721365929,8.418013573,3.53384161,30.6179377,-96.3409216,Z
1500575887120,isaac,motorola-XT1096,-5.832275391,8.015787125,4.750096321,30.6179377,-96.3409216,Y
1500575887180,isaac,motorola-XT1096,-4.27125597,6.828263283,5.085284233,30.6179377,-96.3409216,X
1500575887240,isaac,motorola-XT1096,-3.677493811,9.346963882,5.027823448,30.6179377,-96.3409216,Z
1500575887320,isaac,motorola-XT1096,-3.265691042,8.341399193,5.181052685,30.6179377,-96.3409216,Y
1500575887350,isaac,motorola-XT1096,-4.788403511,6.368576527,4.558559895,30.6179377,-96.3409216,Z
1500575887410,isaac,motorola-XT1096,-8.935160637,6.081272125,7.287950039,30.6179377,-96.3409216,Y
1500575887480,isaac,motorola-XT1096,1.407790542,10.20887566,7.316680431,30.6179377,-96.3409216,Z
1500575887550,isaac,motorola-XT1096,-9.988609314,7.211335659,5.228936672,30.6179377,-96.3409216,X
1500575887590,isaac,motorola-XT1096,-5.880159378,5.94719696,7.125144482,30.6179377,-96.3409216,Y
1500575887650,isaac,motorola-XT1096,-6.780379295,4.27125597,4.606443882,30.6179377,-96.3409216,Y
1500575887710,isaac,motorola-XT1096,-4.012681961,4.999093056,4.290409565,30.6179377,-96.3409216,Z
1500575887770,isaac,motorola-XT1096,-6.684611321,7.517793179,3.79241538,30.6179377,-96.3409216,Y
1500575887830,isaac,motorola-XT1096,-9.490615845,5.640739441,2.681505919,30.6179377,-96.3409216,X
1500575887930,isaac,motorola-XT1096,-5.046977043,3.782838583,5.16189909,30.6179377,-96.3409216,X
1500575887950,isaac,motorola-XT1096,-4.616020679,6.770802498,4.797980309,30.6179377,-96.3409216,X
1500575888000,isaac,motorola-XT1096,-8.571242332,8.38928318,6.196194172,30.6179377,-96.3409216,Y
1500575888060,isaac,motorola-XT1096,-2.806004286,6.694188118,6.052541733,30.6179377,-96.3409216,Z
1500575888120,isaac,motorola-XT1096,-2.585737944,7.872135162,5.698200226,30.6179377,-96.3409216,Z
1500575888180,isaac,motorola-XT1096,-5.209783077,6.483498096,3.677493811,30.6179377,-96.3409216,Y
1500575888240,isaac,motorola-XT1096,-0.258573771,6.809109688,4.616020679,30.6179377,-96.3409216,Y
1500575888350,isaac,motorola-XT1096,-5.966350555,13.05318737,2.595314741,30.6179377,-96.3409216,Z
1500575888370,isaac,motorola-XT1096,-5.420472622,4.175487995,9.39484787,30.6179377,-96.3409216,Z
1500575888420,isaac,motorola-XT1096,-2.748543501,6.694188118,3.916913986,30.6179377,-96.3409216,Z
1500575888480,isaac,motorola-XT1096,-6.473921299,7.125144482,7.374141216,30.6179377,-96.3409216,Y
1500575888550,isaac,motorola-XT1096,-4.807557106,8.762778282,6.244078159,30.6179377,-96.3409216,Y
1500575888600,isaac,motorola-XT1096,-2.624045134,7.967903137,4.118026733,30.6179377,-96.3409216,Y
1500575888660,isaac,motorola-XT1096,-5.219359875,3.821146011,5.535394192,30.6179377,-96.3409216,Z
1500575888730,isaac,motorola-XT1096,-5.123591423,6.579266071,4.865017891,30.6179377,-96.3409216,Y
1500575888770,isaac,motorola-XT1096,-5.583278179,5.20020628,7.632715225,30.6179377,-96.3409216,X
1500575888830,isaac,motorola-XT1096,-5.23851347,4.750096321,4.510675907,30.6179377,-96.3409216,Z
1500575888930,isaac,motorola-XT1096,-5.305551052,3.093308687,4.57771349,30.6179377,-96.3409216,X
1500575888950,isaac,motorola-XT1096,-8.322244644,3.53384161,5.918466568,30.6179377,-96.3409216,Y
1500575889010,isaac,motorola-XT1096,-9.040505409,11.04205799,4.127603531,30.6179377,-96.3409216,X
1500575889070,isaac,motorola-XT1096,-3.12203908,9.959878922,6.071695328,30.6179377,-96.3409216,X
1500575889130,isaac,motorola-XT1096,-2.911349297,7.833827972,5.822698593,30.6179377,-96.3409216,X
1500575889190,isaac,motorola-XT1096,-1.474828243,7.201758862,5.372588634,30.6179377,-96.3409216,X
1500575889250,isaac,motorola-XT1096,-2.537853718,6.387730122,5.027823448,30.6179377,-96.3409216,Y
1500575889330,isaac,motorola-XT1096,-2.183511972,6.378153324,6.512228489,30.6179377,-96.3409216,X
1500575889360,isaac,motorola-XT1096,-3.629609823,7.393294811,5.372588634,30.6179377,-96.3409216,X
1500575889430,isaac,motorola-XT1096,-6.540958881,8.485051155,6.157886982,30.6179377,-96.3409216,Z
1500575889530,isaac,motorola-XT1096,-5.295974255,5.535394192,8.006210327,30.6179377,-96.3409216,X
1500575889550,isaac,motorola-XT1096,-5.152322292,4.299986362,5.152322292,30.6179377,-96.3409216,Z
1500575889600,isaac,motorola-XT1096,-6.272808552,4.338293552,4.855441093,30.6179377,-96.3409216,Z
1500575889660,isaac,motorola-XT1096,-2.815581083,6.177040577,4.328716755,30.6179377,-96.3409216,Y
1500575889730,isaac,motorola-XT1096,-7.431602001,6.368576527,4.213795185,30.6179377,-96.3409216,Z
1500575889780,isaac,motorola-XT1096,-6.157886982,4.769249916,4.730942726,30.6179377,-96.3409216,Y
1500575889840,isaac,motorola-XT1096,-6.320692539,4.778826714,3.955221176,30.6179377,-96.3409216,Y
1500575889930,isaac,motorola-XT1096,-7.939172745,8.188169479,5.018246651,30.6179377,-96.3409216,Z
1500575889960,isaac,motorola-XT1096,-5.640739441,5.707777023,6.598419666,30.6179377,-96.3409216,Y
1500575890020,isaac,motorola-XT1096,-4.57771349,8.61912632,5.267243862,30.6179377,-96.3409216,X
1500575890080,isaac,motorola-XT1096,-5.659893036,9.050082207,4.874594688,30.6179377,-96.3409216,X
1500575890150,isaac,motorola-XT1096,-2.738966703,10.18014526,3.974374771,30.6179377,-96.3409216,Z
1500575890190,isaac,motorola-XT1096,-5.066130638,4.204218388,7.096413612,30.6179377,-96.3409216,X
1500575890250,isaac,motorola-XT1096,-3.112462282,9.921571732,3.610456228,30.6179377,-96.3409216,X
1500575890320,isaac,motorola-XT1096,-5.209783077,5.295974255,6.234501362,30.6179377,-96.3409216,Y
1500575890370,isaac,motorola-XT1096,-8.61912632,8.025363922,8.561665535,30.6179377,-96.3409216,X
1500575890430,isaac,motorola-XT1096,-5.583278179,5.468356609,4.520252705,30.6179377,-96.3409216,Y
1500575890510,isaac,motorola-XT1096,-4.922478676,5.391742229,3.246537447,30.6179377,-96.3409216,Z
1500575890550,isaac,motorola-XT1096,-2.068590164,3.734954596,5.23851347,30.6179377,-96.3409216,X
1500575890610,isaac,motorola-XT1096,-6.655880928,5.803544998,6.924031258,30.6179377,-96.3409216,Y
1500575890670,isaac,motorola-XT1096,-6.234501362,5.123591423,2.547430515,30.6179377,-96.3409216,Y
1500575890730,isaac,motorola-XT1096,-3.074155092,4.817133904,7.345410824,30.6179377,-96.3409216,Y
1500575890790,isaac,motorola-XT1096,-4.280832767,8.044517517,4.616020679,30.6179377,-96.3409216,Z
1500575890850,isaac,motorola-XT1096,-6.780379295,5.937620163,5.31512785,30.6179377,-96.3409216,Y
1500575890930,isaac,motorola-XT1096,-3.849876404,4.721365929,7.230489254,30.6179377,-96.3409216,Y
1500575890960,isaac,motorola-XT1096,-3.476380825,7.077260017,4.319139957,30.6179377,-96.3409216,Z
1500575891020,isaac,motorola-XT1096,-4.30956316,6.301538944,3.811569214,30.6179377,-96.3409216,X
1500575891110,isaac,motorola-XT1096,-4.003105164,5.228936672,3.351882458,30.6179377,-96.3409216,Z
1500575891140,isaac,motorola-XT1096,-5.171475887,4.788403511,7.422025204,30.6179377,-96.3409216,X
1500575891200,isaac,motorola-XT1096,-7.374141216,7.95832634,5.564124584,30.6179377,-96.3409216,Z
1500575891260,isaac,motorola-XT1096,-4.453215122,5.851428986,6.607996464,30.6179377,-96.3409216,X
1500575891320,isaac,motorola-XT1096,-2.815581083,8.207323074,3.964797974,30.6179377,-96.3409216,X
1500575891380,isaac,motorola-XT1096,-5.056553841,6.981492043,4.30956316,30.6179377,-96.3409216,X
1500575891440,isaac,motorola-XT1096,-4.654327869,3.696647406,3.505111218,30.6179377,-96.3409216,Z
1500575891520,isaac,motorola-XT1096,-6.330269337,6.550535679,6.071695328,30.6179377,-96.3409216,Y
1500575891560,isaac,motorola-XT1096,-7.307103634,6.751648903,4.941632271,30.6179377,-96.3409216,X
1500575891620,isaac,motorola-XT1096,-6.186617374,7.096413612,5.832275391,30.6179377,-96.3409216,Y
1500575891680,isaac,motorola-XT1096,-2.537853718,4.826710701,6.579266071,30.6179377,-96.3409216,X
1500575891730,isaac,motorola-XT1096,-5.928043365,10.0460701,3.600879431,30.6179377,-96.3409216,X
1500575891790,isaac,motorola-XT1096,-4.797980309,8.331821442,7.460332394,30.6179377,-96.3409216,X
1500575891850,isaac,motorola-XT1096,-2.480392933,7.967903137,3.983951569,30.6179377,-96.3409216,Z
1500575891920,isaac,motorola-XT1096,-5.707777023,6.818686485,7.144298077,30.6179377,-96.3409216,Y
1500575891970,isaac,motorola-XT1096,-7.967903137,7.441178799,6.186617374,30.6179377,-96.3409216,X
1500575892030,isaac,motorola-XT1096,-4.242525578,5.104437828,5.659893036,30.6179377,-96.3409216,X
1500575892090,isaac,motorola-XT1096,-2.863465309,8.398859978,3.217807055,30.6179377,-96.3409216,Z
1500575892160,isaac,motorola-XT1096,-5.899312973,6.617573261,5.046977043,30.6179377,-96.3409216,X
1500575892210,isaac,motorola-XT1096,-3.993528366,5.918466568,3.907337189,30.6179377,-96.3409216,Z
1500575892260,isaac,motorola-XT1096,-6.215347767,3.936067581,5.430049419,30.6179377,-96.3409216,Z
1500575892320,isaac,motorola-XT1096,-5.23851347,7.000645638,6.91445446,30.6179377,-96.3409216,Y
1500575892380,isaac,motorola-XT1096,-7.335834026,7.125144482,9.873687744,30.6179377,-96.3409216,Y
1500575892440,isaac,motorola-XT1096,-5.755661011,3.897760391,5.928043365,30.6179377,-96.3409216,X
1500575892530,isaac,motorola-XT1096,-1.56101954,5.363011837,5.497087002,30.6179377,-96.3409216,X
1500575892560,isaac,motorola-XT1096,-5.726930618,6.971915245,6.617573261,30.6179377,-96.3409216,X
1500575892620,isaac,motorola-XT1096,-6.464344502,6.91445446,6.282385349,30.6179377,-96.3409216,X
1500575892680,isaac,motorola-XT1096,-4.941632271,6.320692539,6.665457726,30.6179377,-96.3409216,Z
1500575892740,isaac,motorola-XT1096,-6.167463779,4.644751072,6.167463779,30.6179377,-96.3409216,X
1500575892800,isaac,motorola-XT1096,-3.706224203,7.632715225,2.52827692,30.6179377,-96.3409216,Z
1500575892860,isaac,motorola-XT1096,-5.612008572,6.06211853,5.439626217,30.6179377,-96.3409216,X
1500575892920,isaac,motorola-XT1096,-3.667917013,5.98550415,4.070142746,30.6179377,-96.3409216,X
1500575892980,isaac,motorola-XT1096,-5.133168221,5.458779812,3.648763418,30.6179377,-96.3409216,X
1500575893040,isaac,motorola-XT1096,-6.042964935,4.357447147,6.301538944,30.6179377,-96.3409216,Y
1500575893120,isaac,motorola-XT1096,-7.680599213,9.423578262,7.546523571,30.6179377,-96.3409216,Y
1500575893150,isaac,motorola-XT1096,-7.967903137,4.692635536,6.675034523,30.6179377,-96.3409216,Z
1500575893210,isaac,motorola-XT1096,-3.514688015,3.629609823,4.003105164,30.6179377,-96.3409216,Y
1500575893270,isaac,motorola-XT1096,-1.22583127,11.09951878,4.721365929,30.6179377,-96.3409216,Z
1500575893340,isaac,motorola-XT1096,-6.129156113,5.324704647,8.121131897,30.6179377,-96.3409216,X
1500575893390,isaac,motorola-XT1096,-6.253654957,6.703764915,4.903325081,30.6179377,-96.3409216,X
1500575893450,isaac,motorola-XT1096,-5.956773758,7.259219646,6.91445446,30.6179377,-96.3409216,X
1500575893540,isaac,motorola-XT1096,-0.938527048,9.030928612,4.204218388,30.6179377,-96.3409216,X
1500575893570,isaac,motorola-XT1096,-5.937620163,8.169015884,5.449203014,30.6179377,-96.3409216,Z
1500575893630,isaac,motorola-XT1096,-2.480392933,6.426037312,5.305551052,30.6179377,-96.3409216,X
1500575893690,isaac,motorola-XT1096,-3.859453201,1.532289028,5.832275391,30.6179377,-96.3409216,Y
1500575893770,isaac,motorola-XT1096,-4.060565948,0.565031588,3.179499865,30.6179377,-96.3409216,Y
1500575893800,isaac,motorola-XT1096,-4.740519524,3.16034627,1.8579005,30.6179377,-96.3409216,Z
1500575893860,isaac,motorola-XT1096,-9.35654068,7.987056732,10.92713642,30.6179377,-96.3409216,Y
1500575893940,isaac,motorola-XT1096,-2.183511972,5.98550415,11.09951878,30.6179377,-96.3409216,X
1500575893980,isaac,motorola-XT1096,-3.246537447,9.653421402,2.470816135,30.6179377,-96.3409216,Y
1500575894040,isaac,motorola-XT1096,-4.57771349,8.475474358,4.606443882,30.6179377,-96.3409216,X
1500575894100,isaac,motorola-XT1096,-6.646304131,9.50976944,5.16189909,30.6179377,-96.3409216,X
1500575894170,isaac,motorola-XT1096,-4.50109911,11.12824917,7.92001915,30.6179377,-96.3409216,Z
1500575894220,isaac,motorola-XT1096,-5.94719696,2.48996973,4.568136692,30.6179377,-96.3409216,Y
1500575894280,isaac,motorola-XT1096,-3.916913986,4.376600742,2.652775526,30.6179377,-96.3409216,Z
1500575894340,isaac,motorola-XT1096,-1.628057122,6.138733387,1.972822189,30.6179377,-96.3409216,X
1500575894400,isaac,motorola-XT1096,-7.240066051,-1.091755986,2.643198729,30.6179377,-96.3409216,X
1500575894460,isaac,motorola-XT1096,-2.987963676,-1.235408068,1.63763392,30.6179377,-96.3409216,Y
1500575894520,isaac,motorola-XT1096,-6.244078159,4.491522312,8.149862289,30.6179377,-96.3409216,X
1500575894570,isaac,motorola-XT1096,-3.552995205,5.056553841,8.341399193,30.6179377,-96.3409216,Z
1500575894640,isaac,motorola-XT1096,-10.36210537,8.973467827,4.213795185,30.6179377,-96.3409216,X
1500575894690,isaac,motorola-XT1096,-2.26970315,5.544970989,8.054094315,30.6179377,-96.3409216,Y
1500575894750,isaac,motorola-XT1096,-4.951209068,5.707777023,5.679046631,30.6179377,-96.3409216,X
1500575894810,isaac,motorola-XT1096,-2.068590164,6.866570473,5.324704647,30.6179377,-96.3409216,Y
1500575894880,isaac,motorola-XT1096,-7.211335659,3.629609823,7.182605267,30.6179377,-96.3409216,Y
1500575894950,isaac,motorola-XT1096,-7.450755596,6.148310184,8.207323074,30.6179377,-96.3409216,Y
1500575894990,isaac,motorola-XT1096,-5.334281445,9.931148529,1.656787634,30.6179377,-96.3409216,Z
1500575895050,isaac,motorola-XT1096,-6.177040577,3.849876404,4.223371983,30.6179377,-96.3409216,X
1500575895120,isaac,motorola-XT1096,-12.00931549,7.489062786,-0.306457818,30.6179377,-96.3409216,Y
1500575895160,isaac,motorola-XT1096,-2.288856745,4.845864296,5.889736176,30.6179377,-96.3409216,Y
1500575895230,isaac,motorola-XT1096,-3.859453201,8.599972725,5.23851347,30.6179377,-96.3409216,Z
1500575895280,isaac,motorola-XT1096,-6.330269337,8.178592682,6.809109688,30.6179377,-96.3409216,Z
1500575895350,isaac,motorola-XT1096,-5.822698593,7.977479935,5.803544998,30.6179377,-96.3409216,X
1500575895400,isaac,motorola-XT1096,1.034295082,4.587290287,4.481945515,30.6179377,-96.3409216,Z
1500575895460,isaac,motorola-XT1096,-5.583278179,11.9614315,3.945644379,30.6179377,-96.3409216,Z
1500575895530,isaac,motorola-XT1096,-5.219359875,8.992621422,2.834734917,30.6179377,-96.3409216,X
1500575895580,isaac,motorola-XT1096,-4.922478676,11.44428444,7.038952827,30.6179377,-96.3409216,X
1500575895640,isaac,motorola-XT1096,-4.472368717,6.924031258,5.123591423,30.6179377,-96.3409216,Y
1500575895700,isaac,motorola-XT1096,-10.96544361,7.364564419,5.765237808,30.6179377,-96.3409216,Y
1500575895760,isaac,motorola-XT1096,-2.892195702,10.0364933,1.541865945,30.6179377,-96.3409216,X
1500575895820,isaac,motorola-XT1096,-5.056553841,5.659893036,4.108449936,30.6179377,-96.3409216,Y
1500575895880,isaac,motorola-XT1096,-5.908889771,5.870582581,5.975927353,30.6179377,-96.3409216,Z
1500575895930,isaac,motorola-XT1096,-6.320692539,6.99106884,4.30956316,30.6179377,-96.3409216,Y
1500575896000,isaac,motorola-XT1096,-7.88171196,7.201758862,6.215347767,30.6179377,-96.3409216,Z
1500575896050,isaac,motorola-XT1096,-4.941632271,7.795520782,7.354987621,30.6179377,-96.3409216,Y
1500575896150,isaac,motorola-XT1096,-5.506663799,4.912901878,6.148310184,30.6179377,-96.3409216,Z
1500575896190,isaac,motorola-XT1096,-0.957680702,7.661445618,4.098873138,30.6179377,-96.3409216,Z
1500575896230,isaac,motorola-XT1096,-5.726930618,7.000645638,2.557007313,30.6179377,-96.3409216,X
1500575896300,isaac,motorola-XT1096,-3.955221176,7.95832634,5.592854977,30.6179377,-96.3409216,Y
1500575896350,isaac,motorola-XT1096,-5.631162167,8.590395927,7.220912457,30.6179377,-96.3409216,X
1500575896410,isaac,motorola-XT1096,-4.769249916,6.445190907,3.294421434,30.6179377,-96.3409216,Z
1500575896470,isaac,motorola-XT1096,-7.967903137,3.007117271,5.343858242,30.6179377,-96.3409216,X
1500575896550,isaac,motorola-XT1096,-3.08373189,4.721365929,6.627150536,30.6179377,-96.3409216,Y
1500575896580,isaac,motorola-XT1096,-2.671929121,2.585737944,2.432508945,30.6179377,-96.3409216,Y
1500575896650,isaac,motorola-XT1096,-5.841852188,2.729389906,3.141192675,30.6179377,-96.3409216,X
1500575896730,isaac,motorola-XT1096,-6.655880928,9.490615845,9.940725327,30.6179377,-96.3409216,Z
1500575896760,isaac,motorola-XT1096,-7.173028469,7.527369976,3.840299606,30.6179377,-96.3409216,Y
1500575896820,isaac,motorola-XT1096,-1.877054095,5.698200226,5.506663799,30.6179377,-96.3409216,X
1500575896880,isaac,motorola-XT1096,-3.524264812,7.240066051,7.872135162,30.6179377,-96.3409216,X
1500575896950,isaac,motorola-XT1096,-6.87614727,4.941632271,7.460332394,30.6179377,-96.3409216,X
1500575897000,isaac,motorola-XT1096,-8.140285492,0.603338838,8.705317497,30.6179377,-96.3409216,X
1500575897060,isaac,motorola-XT1096,-8.226476669,0.871489406,4.46279192,30.6179377,-96.3409216,X
1500575897150,isaac,motorola-XT1096,-5.918466568,5.631162167,5.468356609,30.6179377,-96.3409216,Y
1500575897180,isaac,motorola-XT1096,-5.018246651,6.531382084,-0.009576807,30.6179377,-96.3409216,Z
1500575897240,isaac,motorola-XT1096,-8.714894295,10.23760605,1.991975784,30.6179377,-96.3409216,X
1500575897340,isaac,motorola-XT1096,-7.335834026,9.701305389,4.903325081,30.6179377,-96.3409216,Y
1500575897370,isaac,motorola-XT1096,-6.856993675,12.24873543,6.483498096,30.6179377,-96.3409216,Z
1500575897410,isaac,motorola-XT1096,-0.363918662,10.92713642,3.485957623,30.6179377,-96.3409216,X
1500575897470,isaac,motorola-XT1096,-7.929595947,4.692635536,5.142745018,30.6179377,-96.3409216,Z
1500575897540,isaac,motorola-XT1096,-0.699106872,6.904877663,1.024718285,30.6179377,-96.3409216,X
1500575897590,isaac,motorola-XT1096,-5.487510204,9.576807022,5.295974255,30.6179377,-96.3409216,X
1500575897650,isaac,motorola-XT1096,-4.30956316,6.95276165,4.730942726,30.6179377,-96.3409216,Y
1500575897750,isaac,motorola-XT1096,-4.156333923,7.058106422,5.391742229,30.6179377,-96.3409216,Y
1500575897770,isaac,motorola-XT1096,-8.638279915,3.696647406,5.27682066,30.6179377,-96.3409216,X
1500575897830,isaac,motorola-XT1096,-10.0364933,4.089296341,3.19865346,30.6179377,-96.3409216,Z
1500575897890,isaac,motorola-XT1096,-2.011129379,3.323152065,2.585737944,30.6179377,-96.3409216,X
1500575897950,isaac,motorola-XT1096,-2.873042107,4.261679173,2.135627985,30.6179377,-96.3409216,Z
1500575898010,isaac,motorola-XT1096,-10.79306126,9.931148529,5.267243862,30.6179377,-96.3409216,X
1500575898070,isaac,motorola-XT1096,-6.531382084,9.720458984,2.796427488,30.6179377,-96.3409216,X
1500575898170,isaac,motorola-XT1096,-3.112462282,10.77390766,4.50109911,30.6179377,-96.3409216,Z
1500575898190,isaac,motorola-XT1096,-10.54406452,8.42759037,0.89064306,30.6179377,-96.3409216,Z
1500575898240,isaac,motorola-XT1096,-4.932055473,10.97502041,2.48996973,30.6179377,-96.3409216,Y
1500575898300,isaac,motorola-XT1096,-1.053448796,6.732495308,4.778826714,30.6179377,-96.3409216,Z
1500575898370,isaac,motorola-XT1096,-4.797980309,8.159439087,5.35343504,30.6179377,-96.3409216,Z
1500575898420,isaac,motorola-XT1096,-5.592854977,3.208230257,5.736507416,30.6179377,-96.3409216,Z
1500575898480,isaac,motorola-XT1096,-7.718906403,5.152322292,7.814674377,30.6179377,-96.3409216,Y
1500575898550,isaac,motorola-XT1096,-2.518700123,12.51688671,-0.402225882,30.6179377,-96.3409216,Z
1500575898600,isaac,motorola-XT1096,-4.204218388,3.390189648,4.596867085,30.6179377,-96.3409216,Y
1500575898660,isaac,motorola-XT1096,-2.959233284,2.250549555,6.79953289,30.6179377,-96.3409216,X
1500575898770,isaac,motorola-XT1096,-4.970362663,3.476380825,4.242525578,30.6179377,-96.3409216,X
1500575898780,isaac,motorola-XT1096,-3.34230566,1.877054095,2.786850691,30.6179377,-96.3409216,Z
1500575898830,isaac,motorola-XT1096,-6.79953289,6.378153324,9.43315506,30.6179377,-96.3409216,Z
1500575898890,isaac,motorola-XT1096,-8.092401505,7.144298077,5.688623428,30.6179377,-96.3409216,Y
1500575898960,isaac,motorola-XT1096,-3.955221176,4.5394063,8.446743965,30.6179377,-96.3409216,Z
1500575899010,isaac,motorola-XT1096,-4.395754337,8.398859978,3.581725836,30.6179377,-96.3409216,X
1500575899070,isaac,motorola-XT1096,-5.621585369,6.79953289,6.234501362,30.6179377,-96.3409216,Z
1500575899140,isaac,motorola-XT1096,-6.052541733,9.39484787,4.079719543,30.6179377,-96.3409216,Z
1500575899190,isaac,motorola-XT1096,-4.855441093,10.49618053,5.755661011,30.6179377,-96.3409216,X
1500575899250,isaac,motorola-XT1096,-2.729389906,8.303091049,6.291962147,30.6179377,-96.3409216,X
1500575899340,isaac,motorola-XT1096,-4.079719543,6.962338448,5.956773758,30.6179377,-96.3409216,Y
1500575899370,isaac,motorola-XT1096,-7.134721279,8.101978302,6.110002518,30.6179377,-96.3409216,Z
1500575899430,isaac,motorola-XT1096,-4.30956316,3.236960649,4.788403511,30.6179377,-96.3409216,Y
1500575899490,isaac,motorola-XT1096,-4.596867085,-0.507570744,4.558559895,30.6179377,-96.3409216,X
1500575899550,isaac,motorola-XT1096,-6.847416878,3.007117271,6.06211853,30.6179377,-96.3409216,X
1500575899600,isaac,motorola-XT1096,-10.52491093,5.410895824,10.83136845,30.6179377,-96.3409216,X
1500575899660,isaac,motorola-XT1096,-4.299986362,9.50976944,6.473921299,30.6179377,-96.3409216,X
1500575899730,isaac,motorola-XT1096,-3.782838583,9.768342972,4.50109911,30.6179377,-96.3409216,Z
1500575899780,isaac,motorola-XT1096,-1.982398987,10.54406452,1.762132406,30.6179377,-96.3409216,Z
1500575899840,isaac,motorola-XT1096,-4.548983097,10.55364132,5.372588634,30.6179377,-96.3409216,Y
1500575899950,isaac,motorola-XT1096,-9.54807663,4.472368717,7.10599041,30.6179377,-96.3409216,X
1500575899970,isaac,motorola-XT1096,-7.814674377,4.922478676,2.652775526,30.6179377,-96.3409216,X
1500575900020,isaac,motorola-XT1096,-1.905784607,2.365471363,3.677493811,30.6179377,-96.3409216,Z
1500575900080,isaac,motorola-XT1096,-4.616020679,3.409343243,3.026270866,30.6179377,-96.3409216,X
1500575900170,isaac,motorola-XT1096,-5.813121796,1.886630893,2.920926094,30.6179377,-96.3409216,Y
1500575900190,isaac,motorola-XT1096,-5.372588634,5.114014626,5.018246651,30.6179377,-96.3409216,Z
1500575900260,isaac,motorola-XT1096,-3.514688015,8.111555099,7.508216381,30.6179377,-96.3409216,X
1500575900310,isaac,motorola-XT1096,-6.10042572,7.824251175,9.002198219,30.6179377,-96.3409216,Y
1500575900370,isaac,motorola-XT1096,-7.345410824,3.687070608,4.587290287,30.6179377,-96.3409216,Y
1500575900430,isaac,motorola-XT1096,-4.050989151,6.157886982,5.832275391,30.6179377,-96.3409216,Z
1500575900490,isaac,motorola-XT1096,-2.901772499,7.010222435,6.550535679,30.6179377,-96.3409216,Z
1500575900560,isaac,motorola-XT1096,-5.31512785,2.930502892,8.293514252,30.6179377,-96.3409216,Y
1500575900610,isaac,motorola-XT1096,-6.818686485,-4.644751072,10.35252857,30.6179377,-96.3409216,X
1500575900680,isaac,motorola-XT1096,-9.327810287,-8.705317497,6.244078159,30.6179377,-96.3409216,Z
1500575900760,isaac,motorola-XT1096,-6.502651691,-0.584185243,7.967903137,30.6179377,-96.3409216,Z
1500575900800,isaac,motorola-XT1096,-0.402225882,9.222464561,1.101332784,30.6179377,-96.3409216,X
1500575900860,isaac,motorola-XT1096,-8.101978302,13.85763931,3.208230257,30.6179377,-96.3409216,Z
1500575900920,isaac,motorola-XT1096,-9.021351814,13.42668343,7.680599213,30.6179377,-96.3409216,Y
1500575901000,isaac,motorola-XT1096,-2.738966703,11.61666679,3.629609823,30.6179377,-96.3409216,Y
1500575901030,isaac,motorola-XT1096,-3.79241538,8.159439087,4.587290287,30.6179377,-96.3409216,X
1500575901090,isaac,motorola-XT1096,-5.612008572,10.71644688,2.375048161,30.6179377,-96.3409216,X
1500575901160,isaac,motorola-XT1096,-1.647210717,7.61356163,4.46279192,30.6179377,-96.3409216,Z
1500575901210,isaac,motorola-XT1096,-4.223371983,9.184157372,4.529829502,30.6179377,-96.3409216,X
1500575901270,isaac,motorola-XT1096,-3.620033026,6.646304131,5.679046631,30.6179377,-96.3409216,X
1500575901360,isaac,motorola-XT1096,-9.222464561,3.620033026,9.691728592,30.6179377,-96.3409216,Z
1500575901390,isaac,motorola-XT1096,-5.755661011,7.230489254,2.384624958,30.6179377,-96.3409216,Y
1500575901450,isaac,motorola-XT1096,-2.432508945,3.907337189,4.261679173,30.6179377,-96.3409216,Y
1500575901550,isaac,motorola-XT1096,-7.738059998,5.966350555,3.505111218,30.6179377,-96.3409216,Z
1500575901570,isaac,motorola-XT1096,-3.34230566,1.101332784,3.811569214,30.6179377,-96.3409216,Y
1500575901620,isaac,motorola-XT1096,-6.224924564,3.543418407,4.453215122,30.6179377,-96.3409216,X
1500575901690,isaac,motorola-XT1096,-3.543418407,12.90953541,5.525817394,30.6179377,-96.3409216,Y
1500575901760,isaac,motorola-XT1096,-6.713341713,9.136273384,4.031835556,30.6179377,-96.3409216,X
1500575901800,isaac,motorola-XT1096,-2.978386879,5.449203014,5.372588634,30.6179377,-96.3409216,Y
1500575901860,isaac,motorola-XT1096,-1.972822189,12.34450436,2.844311714,30.6179377,-96.3409216,Y
1500575901960,isaac,motorola-XT1096,-3.38061285,9.730035782,3.869029999,30.6179377,-96.3409216,Z
1500575901980,isaac,motorola-XT1096,-4.118026733,12.27746677,4.616020679,30.6179377,-96.3409216,Z
1500575902040,isaac,motorola-XT1096,-6.358999729,11.60709,5.765237808,30.6179377,-96.3409216,Y
1500575902100,isaac,motorola-XT1096,-10.01733971,5.458779812,4.30956316,30.6179377,-96.3409216,X
1500575902160,isaac,motorola-XT1096,-3.581725836,7.99663353,3.734954596,30.6179377,-96.3409216,X
1500575902220,isaac,motorola-XT1096,-7.929595947,8.475474358,5.056553841,30.6179377,-96.3409216,X
1500575902280,isaac,motorola-XT1096,-1.130063176,11.78904915,6.703764915,30.6179377,-96.3409216,Z
1500575902350,isaac,motorola-XT1096,-6.426037312,10.25675964,7.422025204,30.6179377,-96.3409216,Z
1500575902390,isaac,motorola-XT1096,-3.878606796,7.929595947,4.797980309,30.6179377,-96.3409216,Z
1500575902450,isaac,motorola-XT1096,-8.283937454,5.267243862,11.03248119,30.6179377,-96.3409216,X
1500575902510,isaac,motorola-XT1096,-6.215347767,7.718906403,4.50109911,30.6179377,-96.3409216,X
1500575902580,isaac,motorola-XT1096,-2.633621931,4.558559895,6.579266071,30.6179377,-96.3409216,X
1500575902630,isaac,motorola-XT1096,-3.782838583,6.368576527,5.592854977,30.6179377,-96.3409216,Y
1500575902690,isaac,motorola-XT1096,-6.531382084,6.531382084,6.406883717,30.6179377,-96.3409216,Z
1500575902780,isaac,motorola-XT1096,-6.196194172,5.152322292,7.594407558,30.6179377,-96.3409216,Z
1500575902810,isaac,motorola-XT1096,-6.138733387,5.458779812,5.956773758,30.6179377,-96.3409216,Z
1500575902870,isaac,motorola-XT1096,-1.426944256,10.73560047,2.738966703,30.6179377,-96.3409216,Z
1500575902960,isaac,motorola-XT1096,-4.280832767,3.227383852,7.412448406,30.6179377,-96.3409216,X
1500575902990,isaac,motorola-XT1096,-3.734954596,4.730942726,3.821146011,30.6179377,-96.3409216,Z
1500575903040,isaac,motorola-XT1096,-4.472368717,4.42448473,4.529829502,30.6179377,-96.3409216,X
1500575903100,isaac,motorola-XT1096,-8.935160637,5.679046631,7.182605267,30.6179377,-96.3409216,X
1500575903160,isaac,motorola-XT1096,-6.110002518,6.081272125,7.326257229,30.6179377,-96.3409216,Y
1500575903220,isaac,motorola-XT1096,-4.23294878,4.932055473,5.573701382,30.6179377,-96.3409216,Z
1500575903280,isaac,motorola-XT1096,-0.746990919,8.599972725,4.960785866,30.6179377,-96.3409216,Z
1500575903360,isaac,motorola-XT1096,-4.46279192,6.512228489,6.560112476,30.6179377,-96.3409216,Y
1500575903400,isaac,motorola-XT1096,-6.157886982,2.624045134,6.02381134,30.6179377,-96.3409216,X
1500575903460,isaac,motorola-XT1096,-8.082824707,5.832275391,7.99663353,30.6179377,-96.3409216,X
1500575903540,isaac,motorola-XT1096,-5.851428986,6.291962147,6.10042572,30.6179377,-96.3409216,Z
1500575903580,isaac,motorola-XT1096,-2.327163935,8.475474358,2.365471363,30.6179377,-96.3409216,X
1500575903640,isaac,motorola-XT1096,-8.561665535,4.587290287,8.322244644,30.6179377,-96.3409216,Z
1500575903700,isaac,motorola-XT1096,0.478840351,4.252102375,5.822698593,30.6179377,-96.3409216,X
1500575903770,isaac,motorola-XT1096,-7.259219646,6.052541733,2.260126352,30.6179377,-96.3409216,X
1500575903810,isaac,motorola-XT1096,-7.345410824,6.110002518,6.02381134,30.6179377,-96.3409216,X
1500575903880,isaac,motorola-XT1096,-6.512228489,6.607996464,10.77390766,30.6179377,-96.3409216,Y
1500575903960,isaac,motorola-XT1096,-3.945644379,10.64940929,1.752555609,30.6179377,-96.3409216,Z
1500575903990,isaac,motorola-XT1096,-3.801992416,10.50575733,4.922478676,30.6179377,-96.3409216,Y
1500575904050,isaac,motorola-XT1096,-5.813121796,6.004657745,3.543418407,30.6179377,-96.3409216,X
1500575904110,isaac,motorola-XT1096,-5.449203014,6.291962147,6.196194172,30.6179377,-96.3409216,X
1500575904170,isaac,motorola-XT1096,-7.374141216,7.201758862,9.232041359,30.6179377,-96.3409216,Z
1500575904240,isaac,motorola-XT1096,-9.289502144,2.442085743,2.748543501,30.6179377,-96.3409216,X
1500575904260,isaac,motorola-XT1096,-7.268796444,10.80263805,3.409343243,30.6179377,-96.3409216,Z
1500575904280,isaac,motorola-XT1096,-3.725377798,6.052541733,5.640739441,30.6179377,-96.3409216,X
1500575904300,isaac,motorola-XT1096,-0.526724398,4.338293552,6.79953289,30.6179377,-96.3409216,Z
1500575904320,isaac,motorola-XT1096,-2.547430515,5.861005783,7.297526836,30.6179377,-96.3409216,Y
1500575904340,isaac,motorola-XT1096,-6.79953289,4.34787035,4.558559895,30.6179377,-96.3409216,X
1500575904360,isaac,motorola-XT1096,-6.569689274,7.80509758,3.007117271,30.6179377,-96.3409216,Z
1500575904400,isaac,motorola-XT1096,-4.999093056,6.770802498,3.706224203,30.6179377,-96.3409216,Y
1500575904400,isaac,motorola-XT1096,-1.474828243,4.960785866,3.208230257,30.6179377,-96.3409216,Y
1500575904420,isaac,motorola-XT1096,-3.045424461,7.125144482,4.175487995,30.6179377,-96.3409216,Z
1500575904440,isaac,motorola-XT1096,-4.319139957,5.430049419,3.179499865,30.6179377,-96.3409216,Z
1500575904460,isaac,motorola-XT1096,-5.305551052,2.662352324,3.53384161,30.6179377,-96.3409216,Z
1500575904480,isaac,motorola-XT1096,-5.851428986,5.659893036,2.911349297,30.6179377,-96.3409216,Z
1500575904500,isaac,motorola-XT1096,-6.052541733,5.774814606,5.152322292,30.6179377,-96.3409216,X
1500575904520,isaac,motorola-XT1096,-7.173028469,5.104437828,7.852981567,30.6179377,-96.3409216,Y
1500575904540,isaac,motorola-XT1096,-7.7284832,6.291962147,8.456320763,30.6179377,-96.3409216,Y
1500575904560,isaac,motorola-XT1096,-8.408436775,8.025363922,9.203310966,30.6179377,-96.3409216,X
1500575904580,isaac,motorola-XT1096,-6.91445446,9.998186111,7.680599213,30.6179377,-96.3409216,Y
1500575904620,isaac,motorola-XT1096,-6.445190907,9.873687744,6.033388138,30.6179377,-96.3409216,Z
1500575904620,isaac,motorola-XT1096,-6.847416878,5.765237808,3.38061285,30.6179377,-96.3409216,Y
1500575904640,isaac,motorola-XT1096,-4.453215122,6.895300865,3.361459255,30.6179377,-96.3409216,X
1500575904650,isaac,motorola-XT1096,-2.949656487,5.631162167,3.897760391,30.6179377,-96.3409216,Y
1500575904670,isaac,motorola-XT1096,-0.660799682,5.669469833,7.173028469,30.6179377,-96.3409216,Z
1500575904690,isaac,motorola-XT1096,-1.608903527,6.521805286,5.928043365,30.6179377,-96.3409216,Z
1500575904710,isaac,motorola-XT1096,-5.602431774,6.646304131,1.312022567,30.6179377,-96.3409216,Z
1500575904730,isaac,motorola-XT1096,-5.908889771,9.931148529,5.870582581,30.6179377,-96.3409216,Y
1500575904750,isaac,motorola-XT1096,-6.186617374,8.236053467,4.999093056,30.6179377,-96.3409216,Z
1500575904770,isaac,motorola-XT1096,-5.602431774,6.780379295,1.991975784,30.6179377,-96.3409216,X
1500575904830,isaac,motorola-XT1096,-4.089296341,10.31422138,3.869029999,30.6179377,-96.3409216,Z
1500575904830,isaac,motorola-XT1096,-6.004657745,5.363011837,5.056553841,30.6179377,-96.3409216,Z
1500575904840,isaac,motorola-XT1096,-6.033388138,3.45722723,8.992621422,30.6179377,-96.3409216,X
1500575904880,isaac,motorola-XT1096,-6.780379295,9.31823349,6.186617374,30.6179377,-96.3409216,Y
1500575904880,isaac,motorola-XT1096,-4.127603531,10.09395409,7.594407558,30.6179377,-96.3409216,X
1500575904890,isaac,motorola-XT1096,-7.393294811,5.410895824,8.025363922,30.6179377,-96.3409216,Y
1500575904910,isaac,motorola-XT1096,-5.209783077,6.866570473,6.358999729,30.6179377,-96.3409216,X
1500575904930,isaac,motorola-XT1096,-5.056553841,5.736507416,4.338293552,30.6179377,-96.3409216,Y
1500575904950,isaac,motorola-XT1096,-6.665457726,4.23294878,3.045424461,30.6179377,-96.3409216,Y
1500575904970,isaac,motorola-XT1096,-7.000645638,8.877699852,4.367023945,30.6179377,-96.3409216,Y
1500575905020,isaac,motorola-XT1096,-8.781931877,7.556100369,4.491522312,30.6179377,-96.3409216,Z
1500575905020,isaac,motorola-XT1096,-5.16189909,2.145204782,5.640739441,30.6179377,-96.3409216,Z
1500575905040,isaac,motorola-XT1096,-0.565031588,10.82179165,1.551442742,30.6179377,-96.3409216,Y
1500575905050,isaac,motorola-XT1096,-1.647210717,5.98550415,3.45722723,30.6179377,-96.3409216,X
1500575905070,isaac,motorola-XT1096,-1.81959331,2.26970315,6.512228489,30.6179377,-96.3409216,Y
1500575905090,isaac,motorola-XT1096,-5.736507416,7.584830761,7.910442352,30.6179377,-96.3409216,X
1500575905140,isaac,motorola-XT1096,-6.06211853,3.916913986,1.972822189,30.6179377,-96.3409216,Z
1500575905140,isaac,motorola-XT1096,-1.043871999,4.529829502,2.375048161,30.6179377,-96.3409216,X
1500575905160,isaac,motorola-XT1096,-3.983951569,7.393294811,5.056553841,30.6179377,-96.3409216,Y
1500575905160,isaac,motorola-XT1096,-6.483498096,4.826710701,5.679046631,30.6179377,-96.3409216,Z
1500575905180,isaac,motorola-XT1096,-4.855441093,3.993528366,6.493074894,30.6179377,-96.3409216,Z
1500575905200,isaac,motorola-XT1096,-4.970362663,7.747636795,6.272808552,30.6179377,-96.3409216,Y
1500575905230,isaac,motorola-XT1096,-6.110002518,7.211335659,5.152322292,30.6179377,-96.3409216,Y
1500575905250,isaac,motorola-XT1096,-8.149862289,5.899312973,4.979939461,30.6179377,-96.3409216,Y
1500575905260,isaac,motorola-XT1096,-9.739612579,6.138733387,3.983951569,30.6179377,-96.3409216,X
1500575905280,isaac,motorola-XT1096,-8.121131897,9.002198219,9.634267807,30.6179377,-96.3409216,Z
1500575905300,isaac,motorola-XT1096,-6.904877663,7.76679039,9.021351814,30.6179377,-96.3409216,X
1500575905320,isaac,motorola-XT1096,-6.253654957,7.058106422,10.01733971,30.6179377,-96.3409216,Z
1500575905350,isaac,motorola-XT1096,-5.669469833,4.960785866,7.019799232,30.6179377,-96.3409216,X
1500575905380,isaac,motorola-XT1096,-2.240972757,6.560112476,3.466804028,30.6179377,-96.3409216,X
1500575905380,isaac,motorola-XT1096,-3.754108191,7.479485989,4.491522312,30.6179377,-96.3409216,Z
1500575905400,isaac,motorola-XT1096,-4.261679173,6.7612257,8.130708694,30.6179377,-96.3409216,Z
1500575905420,isaac,motorola-XT1096,-1.848323703,7.699752808,3.428496838,30.6179377,-96.3409216,X
1500575905440,isaac,motorola-XT1096,-2.758120298,8.868123055,3.169923067,30.6179377,-96.3409216,X
1500575905460,isaac,motorola-XT1096,-2.930502892,7.278373241,5.592854977,30.6179377,-96.3409216,X
1500575905480,isaac,motorola-XT1096,-3.715801001,8.475474358,2.422932148,30.6179377,-96.3409216,X
1500575905500,isaac,motorola-XT1096,-2.806004286,9.768342972,3.629609823,30.6179377,-96.3409216,Y
1500575905520,isaac,motorola-XT1096,-5.554547787,4.175487995,7.297526836,30.6179377,-96.3409216,Z
1500575905560,isaac,motorola-XT1096,-6.081272125,6.454767704,8.973467827,30.6179377,-96.3409216,X
1500575905560,isaac,motorola-XT1096,-6.885724068,13.18726254,6.579266071,30.6179377,-96.3409216,Z
1500575905600,isaac,motorola-XT1096,-6.540958881,2.834734917,6.244078159,30.6179377,-96.3409216,X
1500575905600,isaac,motorola-XT1096,-7.354987621,-0.565031588,6.368576527,30.6179377,-96.3409216,X
1500575905620,isaac,motorola-XT1096,-4.098873138,14.37478733,5.544970989,30.6179377,-96.3409216,Y
1500575905640,isaac,motorola-XT1096,-6.435614109,7.565677166,4.041412354,30.6179377,-96.3409216,X
1500575905660,isaac,motorola-XT1096,-9.289502144,-3.294421434,7.297526836,30.6179377,-96.3409216,X
1500575905680,isaac,motorola-XT1096,-8.877699852,7.584830761,4.922478676,30.6179377,-96.3409216,X
1500575905700,isaac,motorola-XT1096,-10.18014526,13.28303146,-0.248996973,30.6179377,-96.3409216,Y
1500575905740,isaac,motorola-XT1096,-3.313575268,3.284844637,2.011129379,30.6179377,-96.3409216,Z
1500575905740,isaac,motorola-XT1096,-0.603338838,9.749189377,8.839392662,30.6179377,-96.3409216,Z
1500575905760,isaac,motorola-XT1096,-2.260126352,6.445190907,7.153874874,30.6179377,-96.3409216,X
1500575905780,isaac,motorola-XT1096,0.794874966,1.139639974,1.024718285,30.6179377,-96.3409216,Z
1500575905800,isaac,motorola-XT1096,-1.915361404,6.91445446,11.44428444,30.6179377,-96.3409216,X
1500575905820,isaac,motorola-XT1096,-6.167463779,8.216899872,6.742072105,30.6179377,-96.3409216,Y
1500575905840,isaac,motorola-XT1096,-6.933608055,4.453215122,-0.555454791,30.6179377,-96.3409216,X
1500575905860,isaac,motorola-XT1096,-3.131615877,7.201758862,2.978386879,30.6179377,-96.3409216,Y
1500575905880,isaac,motorola-XT1096,-4.625597477,6.119579315,3.524264812,30.6179377,-96.3409216,Y
1500575905900,isaac,motorola-XT1096,-4.817133904,4.098873138,2.700659513,30.6179377,-96.3409216,Z
1500575905920,isaac,motorola-XT1096,-6.617573261,3.275267839,4.702212334,30.6179377,-96.3409216,Z
1500575905970,isaac,motorola-XT1096,-9.232041359,8.916007042,6.789956093,30.6179377,-96.3409216,Y
1500575905980,isaac,motorola-XT1096,-11.20486355,8.274360657,6.483498096,30.6179377,-96.3409216,Y
1500575905980,isaac,motorola-XT1096,-9.404424667,6.339846134,12.24873543,30.6179377,-96.3409216,Z
1500575906010,isaac,motorola-XT1096,-7.374141216,5.142745018,7.852981567,30.6179377,-96.3409216,Y
1500575906010,isaac,motorola-XT1096,-5.592854977,7.374141216,6.253654957,30.6179377,-96.3409216,X
1500575906030,isaac,motorola-XT1096,-1.034295082,8.178592682,2.834734917,30.6183202,-96.339795,Z
1500575906050,isaac,motorola-XT1096,0.287304193,8.111555099,5.458779812,30.6183202,-96.339795,X
1500575906070,isaac,motorola-XT1096,-3.093308687,6.636727333,4.041412354,30.6183202,-96.339795,Y
1500575906090,isaac,motorola-XT1096,-5.784391403,7.345410824,6.368576527,30.6183202,-96.339795,Z
1500575906110,isaac,motorola-XT1096,-2.968810081,7.747636795,3.897760391,30.6183202,-96.339795,X
1500575906140,isaac,motorola-XT1096,-4.050989151,9.222464561,4.003105164,30.6183202,-96.339795,Y
1500575906180,isaac,motorola-XT1096,-7.335834026,6.272808552,5.573701382,30.6183202,-96.339795,Y
1500575906190,isaac,motorola-XT1096,-6.569689274,6.87614727,5.659893036,30.6183202,-96.339795,Y
1500575906200,isaac,motorola-XT1096,-4.759673119,5.506663799,4.050989151,30.6183202,-96.339795,Y
1500575906240,isaac,motorola-XT1096,-6.426037312,6.06211853,6.87614727,30.6183202,-96.339795,Y
1500575906240,isaac,motorola-XT1096,-5.027823448,9.998186111,5.477933407,30.6183202,-96.339795,Z
1500575906250,isaac,motorola-XT1096,-6.540958881,9.528923035,7.393294811,30.6183202,-96.339795,Y
1500575906270,isaac,motorola-XT1096,-6.129156113,6.426037312,8.762778282,30.6183202,-96.339795,Y
1500575906290,isaac,motorola-XT1096,-7.374141216,5.133168221,9.193734169,30.6183202,-96.339795,X
1500575906310,isaac,motorola-XT1096,-1.78128612,7.115567684,7.038952827,30.6183202,-96.339795,Y
1500575906360,isaac,motorola-XT1096,-1.915361404,9.107542992,5.123591423,30.6183202,-96.339795,Y
1500575906360,isaac,motorola-XT1096,-3.102885485,7.76679039,2.595314741,30.6183202,-96.339795,X
1500575906390,isaac,motorola-XT1096,-7.038952827,4.472368717,2.279279947,30.6183202,-96.339795,Y
1500575906390,isaac,motorola-XT1096,-9.404424667,3.754108191,4.252102375,30.6183202,-96.339795,Z
1500575906410,isaac,motorola-XT1096,-9.844957352,5.449203014,3.514688015,30.6183202,-96.339795,X
1500575906430,isaac,motorola-XT1096,-8.07324791,5.726930618,3.763684988,30.6183202,-96.339795,X
1500575906450,isaac,motorola-XT1096,-6.742072105,6.454767704,4.27125597,30.6183202,-96.339795,Y
1500575906470,isaac,motorola-XT1096,-3.256114244,4.23294878,3.869029999,30.6183202,-96.339795,Z
1500575906490,isaac,motorola-XT1096,-0.105344877,4.836287498,3.552995205,30.6183202,-96.339795,Z
1500575906510,isaac,motorola-XT1096,-0.584185243,3.323152065,3.639186621,30.6183202,-96.339795,Y
1500575906560,isaac,motorola-XT1096,-2.011129379,4.730942726,5.286397457,30.6183202,-96.339795,Y
1500575906560,isaac,motorola-XT1096,-5.114014626,7.220912457,6.847416878,30.6183202,-96.339795,Z
1500575906580,isaac,motorola-XT1096,-5.497087002,4.079719543,5.544970989,30.6183202,-96.339795,X
1500575906580,isaac,motorola-XT1096,-4.711789131,4.654327869,4.759673119,30.6183202,-96.339795,X
1500575906600,isaac,motorola-XT1096,-5.889736176,8.916007042,3.572149038,30.6183202,-96.339795,Z
1500575906620,isaac,motorola-XT1096,-7.259219646,8.42759037,4.127603531,30.6183202,-96.339795,Z
1500575906650,isaac,motorola-XT1096,-7.824251175,5.899312973,5.870582581,30.6183202,-96.339795,Y
1500575906670,isaac,motorola-XT1096,-7.508216381,6.186617374,7.65186882,30.6183202,-96.339795,Z
1500575906690,isaac,motorola-XT1096,-6.569689274,8.398859978,7.61356163,30.6183202,-96.339795,X
1500575906710,isaac,motorola-XT1096,-5.497087002,6.311115742,9.500192642,30.6183202,-96.339795,Z
1500575906780,isaac,motorola-XT1096,-2.863465309,7.575253963,5.506663799,30.6183202,-96.339795,X
1500575906780,isaac,motorola-XT1096,-1.608903527,6.378153324,2.442085743,30.6183202,-96.339795,Z
1500575906780,isaac,motorola-XT1096,-3.591302633,6.014234543,6.866570473,30.6183202,-96.339795,X
1500575906780,isaac,motorola-XT1096,-3.754108191,8.063671112,6.512228489,30.6183202,-96.339795,Z
1500575906810,isaac,motorola-XT1096,-4.673481941,10.06522369,3.725377798,30.6183202,-96.339795,Y
1500575906820,isaac,motorola-XT1096,-7.977479935,4.57771349,7.814674377,30.6183202,-96.339795,Y
1500575906840,isaac,motorola-XT1096,-6.397306919,6.167463779,7.757213593,30.6183202,-96.339795,Y
1500575906860,isaac,motorola-XT1096,-2.183511972,10.09395409,3.141192675,30.6183202,-96.339795,Y
1500575906880,isaac,motorola-XT1096,-4.367023945,13.29260826,4.558559895,30.6183202,-96.339795,X
1500575906900,isaac,motorola-XT1096,-5.267243862,4.041412354,6.435614109,30.6183202,-96.339795,X
1500575906950,isaac,motorola-XT1096,-5.688623428,8.81066227,4.38617754,30.6183202,-96.339795,Z
1500575906950,isaac,motorola-XT1096,-4.730942726,8.111555099,5.698200226,30.6183202,-96.339795,X
1500575906970,isaac,motorola-XT1096,-4.376600742,3.409343243,8.638279915,30.6183202,-96.339795,X
1500575906980,isaac,motorola-XT1096,-3.505111218,11.68370438,6.06211853,30.6183202,-96.339795,X
1500575907000,isaac,motorola-XT1096,-3.610456228,8.226476669,6.473921299,30.6183202,-96.339795,X
1500575907020,isaac,motorola-XT1096,-6.502651691,2.106897593,7.402871609,30.6183202,-96.339795,X
1500575907040,isaac,motorola-XT1096,-6.675034523,5.870582581,6.818686485,30.6183202,-96.339795,Z
1500575907060,isaac,motorola-XT1096,-9.787496567,8.437167168,7.173028469,30.6183202,-96.339795,X
1500575907080,isaac,motorola-XT1096,-8.169015884,4.003105164,3.409343243,30.6183202,-96.339795,X
1500575907100,isaac,motorola-XT1096,-1.628057122,8.81066227,3.227383852,30.6183202,-96.339795,Z
1500575907150,isaac,motorola-XT1096,-1.89620769,11.53047562,3.390189648,30.6183202,-96.339795,X
1500575907150,isaac,motorola-XT1096,-4.19464159,-2.719813108,3.955221176,30.6183202,-96.339795,X
1500575907180,isaac,motorola-XT1096,-3.734954596,2.068590164,6.387730122,30.6183202,-96.339795,Y
1500575907180,isaac,motorola-XT1096,-10.44829655,13.26387787,5.401319027,30.6183202,-96.339795,X
1500575907200,isaac,motorola-XT1096,-8.092401505,4.855441093,0.37349546,30.6183202,-96.339795,Z
1500575907220,isaac,motorola-XT1096,0.114921682,1.522712231,3.734954596,30.6183202,-96.339795,Y
1500575907240,isaac,motorola-XT1096,-0.536301196,8.437167168,5.23851347,30.6183202,-96.339795,Y
1500575907260,isaac,motorola-XT1096,-4.673481941,2.911349297,2.882618904,30.6183202,-96.339795,Z
1500575907280,isaac,motorola-XT1096,-6.473921299,1.541865945,6.483498096,30.6183202,-96.339795,Y
1500575907300,isaac,motorola-XT1096,-8.312667847,8.753201485,6.186617374,30.6183202,-96.339795,X
1500575907320,isaac,motorola-XT1096,-7.374141216,6.282385349,4.38617754,30.6183202,-96.339795,Z
1500575907340,isaac,motorola-XT1096,-6.646304131,4.797980309,6.885724068,30.6183202,-96.339795,Y
1500575907370,isaac,motorola-XT1096,-4.031835556,10.60152531,5.506663799,30.6183202,-96.339795,Z
1500575907380,isaac,motorola-XT1096,-4.242525578,8.207323074,5.209783077,30.6183202,-96.339795,X
1500575907400,isaac,motorola-XT1096,-6.291962147,5.98550415,9.806650162,30.6183202,-96.339795,Z
1500575907420,isaac,motorola-XT1096,-9.749189377,2.978386879,4.750096321,30.6183202,-96.339795,Z
1500575907440,isaac,motorola-XT1096,-8.58081913,4.357447147,5.669469833,30.6183202,-96.339795,X
1500575907460,isaac,motorola-XT1096,-5.726930618,8.07324791,3.189076662,30.6183202,-96.339795,X
1500575907480,isaac,motorola-XT1096,-2.652775526,7.240066051,4.252102375,30.6183202,-96.339795,Y
1500575907500,isaac,motorola-XT1096,-3.102885485,7.354987621,3.955221176,30.6183202,-96.339795,Y
1500575907520,isaac,motorola-XT1096,-3.34230566,7.632715225,7.038952827,30.6183202,-96.339795,Z
1500575907560,isaac,motorola-XT1096,-5.209783077,8.054094315,6.598419666,30.6183202,-96.339795,X
1500575907560,isaac,motorola-XT1096,-4.951209068,8.169015884,5.726930618,30.6183202,-96.339795,Z
1500575907600,isaac,motorola-XT1096,-2.882618904,7.891288757,3.150769472,30.6183202,-96.339795,Z
1500575907600,isaac,motorola-XT1096,-2.23139596,4.874594688,3.888183594,30.6183202,-96.339795,Z
1500575907610,isaac,motorola-XT1096,-1.177947283,9.021351814,6.014234543,30.6183202,-96.339795,X
1500575907630,isaac,motorola-XT1096,-3.150769472,9.366117477,2.068590164,30.6183202,-96.339795,X
1500575907650,isaac,motorola-XT1096,-5.066130638,4.788403511,7.76679039,30.6183202,-96.339795,Y
1500575907670,isaac,motorola-XT1096,-6.521805286,5.401319027,6.828263283,30.6183202,-96.339795,X
1500575907740,isaac,motorola-XT1096,-6.99106884,6.502651691,8.236053467,30.6183202,-96.339795,Z
1500575907790,isaac,motorola-XT1096,-3.610456228,7.92001915,3.361459255,30.6183202,-96.339795,Z
1500575907850,isaac,motorola-XT1096,-2.624045134,2.959233284,4.252102375,30.6183202,-96.339795,Y
1500575907910,isaac,motorola-XT1096,-0.316034615,1.675941229,6.196194172,30.6183202,-96.339795,X
1500575907980,isaac,motorola-XT1096,-3.552995205,2.710236311,5.181052685,30.6183202,-96.339795,X
1500575908030,isaac,motorola-XT1096,-7.153874874,2.145204782,1.867477298,30.6183202,-96.339795,Z
1500575908090,isaac,motorola-XT1096,-7.967903137,8.245630264,15.75384712,30.6183202,-96.339795,Y
1500575908160,isaac,motorola-XT1096,-4.979939461,3.687070608,-0.201112941,30.6183202,-96.339795,Z
1500575908200,isaac,motorola-XT1096,-2.738966703,3.591302633,6.205770969,30.6183202,-96.339795,Y
1500575908260,isaac,motorola-XT1096,-4.050989151,6.895300865,3.706224203,30.6183202,-96.339795,Y
1500575908320,isaac,motorola-XT1096,-5.765237808,6.665457726,9.414001465,30.6183202,-96.339795,X
1500575908390,isaac,motorola-XT1096,-2.978386879,6.301538944,4.769249916,30.6183202,-96.339795,X
1500575908440,isaac,motorola-XT1096,-6.72291851,2.470816135,7.738059998,30.6183202,-96.339795,X
1500575908500,isaac,motorola-XT1096,-7.393294811,7.623138428,1.972822189,30.6183202,-96.339795,Y
1500575908570,isaac,motorola-XT1096,-2.260126352,2.796427488,8.188169479,30.6183202,-96.339795,X
1500575908620,isaac,motorola-XT1096,-0.363918662,1.18752408,2.729389906,30.6183202,-96.339795,Z
1500575908680,isaac,motorola-XT1096,-5.008669853,3.313575268,6.550535679,30.6183202,-96.339795,Y