Variance X,Variance Y,Variance Z,Avg Height X,Avg Height Y,Avg Height Z,Stdev Height X,Stdev Height Y,Stdev Height Z,Energy X,Energy Y,Energy Z,Entropy X,Entropy Y,Entropy Z,Average X,Average Y,Average Z,Average XY,Average XZ,Average YZ,Standard Deviation X,Standard Deviation Y,Standard Deviation Z,Correlation XY,Correlation XZ,Correlation YZ,RMS X,RMS Y,RMS Z,Axis Order XY,Axis Order XZ,Axis Order YZ,Num Peaks X,Num Peaks Y,Num Peaks Z,Average Peaks X,Average Peaks Y,Average Peaks Z,Standard Deviation Peaks X,Standard Deviation Peaks Y,Standard Deviation Peaks Z,Num Valleys X,Num Valleys Y,Num Valleys Z,Average Valleys X,Average Valleys Y,Average Valleys Z,Standard Deviation Valleys X,Standard Deviation Valleys Y,Standard Deviation Valleys Z,Zero Crossings X,Zero Crossings Y,Zero Crossings Z,Num Points,RoadType
2.8731600920815619,2.5261294469242923,0.65545597389124965,0.0,4.3191397973333325,0.0,0.0,0.7275009221497076,0.0,54.120697653456475,1730.666073710203,90.73690129011081,0.5307138160870072,-0.0,-0.0,0.5571448268823529,9.963822421235294,-2.1637950013529412,-8.517724568,2.6702390935882354,11.187963661588235,1.6950398497031158,1.5893802084222304,0.8096023554136004,4.618563123935698,0.12499157137248172,-21.956026852280413,1.7842562736903376,10.089791211359898,2.3102953884235724,0,0,0,1,2,1,2.863465309,11.875240325,-1.168370485,0.0,0.3256111149999992,0.0,0,2,0,0.737414122,7.4794859890000005,-2.097320795,0.0,0.5554547309999998,0.0,0,0,0,17,bricks
1.5023361878084778,3.4958290075665777,0.90177699836771785,0.0,3.6806861586666657,0.0,0.0,1.675555320694115,0.0,43.55079270121885,1836.131987236459,98.00139132115471,0.29046211679575934,-0.0,0.009978915270384829,0.9576806856111111,9.925296147555557,-2.1313715634999997,-8.488243069833334,2.9555089928888894,11.443752062722222,1.2256982450050575,1.8697136164574986,0.9496193965835564,9.258947888696685,-0.9242041635076615,-21.291333650602947,1.5554705022600221,10.099867950832214,2.3333498966216255,0,0,0,1,1,1,3.19865346,12.49773312,0.134075299,0.0,0.0,0.0,0,3,0,1.0390835405,7.176220575666666,-2.509123325,0.0,0.6472831480312581,0.0,0,0,0,18,bricks
0.93317074069800399,3.3501457822682257,0.42836591375823146,2.853888393,4.05817175,2.097320795,0.0,1.7296993280353123,0.0,27.598763109488804,1882.1251316152366,94.99964340381517,0.2535726834781755,-0.0,-0.0,0.7746572638888888,10.060435454277778,-2.202133522999999,-8.680843249555558,2.890067482444445,11.570910731999998,0.9660076297307407,1.830340346019894,0.654496687354666,7.818483710420299,-1.8123999396351331,-22.270928588121237,1.2382506277784895,10.225581025641405,2.2973371469766084,0,0,0,1,2,1,2.23139596,12.368445874999999,-1.244984865,0.0,0.12928724499999955,0.0,1,3,1,-0.622492433,7.351795196333335,-3.34230566,0.0,0.8130826707137704,0.0,0,0,0,18,bricks
1.9641076087152802,2.7678028948696958,0.67334151245463358,0.0,2.806004843,0.0,0.0,1.556105966829992,0.0,49.70066461710476,1850.3167593341702,95.03660330670354,0.4185601873449495,-0.0,-0.0,0.8927712056111111,10.001378536166667,-2.146268804777778,-8.338738479777778,2.965617816888889,11.304356296666667,1.4014662353104623,1.6636715105061142,0.8205738921356405,8.707739379933203,-0.7844046660205847,-21.591068914614823,1.661670254377684,10.138805428578111,2.2977839965533886,0,0,0,1,2,1,2.930502892,12.129025935000001,-0.852335811,0.0,0.320823195,0.0,0,2,0,1.177947283,8.2408418655,-2.0398597715,0.0,0.02394199349999937,0.0,0,0,0,18,bricks
2.1889958799514768,3.1015320747633055,1.1131502856735385,5.928043366,0.46447491649999995,0.0,0.0,0.4070141315,0.0,51.533042756531344,1833.6001093917512,97.89417534529144,0.4614464477792107,-0.0,0.03141086260521196,0.8209451503333334,9.93806523772222,-2.0797632103888883,-8.477070159555556,2.7778060137777776,11.254876173333333,1.4795255590734067,1.7611167124195108,1.0550593754256385,7.198794482896277,-0.9535937908089617,-21.14204680645705,1.6920244737613268,10.092902097215951,2.3320731757302635,0,1,0,1,0,0,2.930502892,9.811438561,-2.111685872,0.0,0.0,0.0,1,3,1,-2.997540474,7.664637565333333,-4.319139957,0.0,0.42501538466631356,0.0,1,0,0,18,bricks
2.8462216407144973,3.9430022289929476,1.1809071800000761,0.0,6.722918515,0.0,0.0,0.47884035099999966,0.0,58.5325673439894,1823.7091480483418,119.90115314482229,0.5185483470918099,-0.0,0.028008973192874945,0.6368576420000002,9.867835257166668,-2.340997222277778,-8.560601128888887,2.8916636074444444,11.452264736333333,1.6870748770325805,1.9856994306775,1.0866955323364849,6.05137571141455,0.3020794419665049,-23.28545183896943,1.8032773765808459,10.065643292486303,2.5809252555454503,0,0,0,1,1,1,4.376600742,13.57991219,0.421379507,0.0,0.0,0.0,0,2,0,0.5889736114999999,6.856993675,-2.4899697300000003,0.0,0.47884035099999966,0.0,0,0,0,18,bricks
5.0316584975274212,4.3560354593227633,0.79843343542400935,8.034940958,7.201758866,0.0,0.32561135299999977,0.0,0.0,101.74566356352902,1819.6334393051409,133.4855528347205,0.5283061903820422,-0.0,-0.0,0.7879583536666667,9.835380580777779,-2.572436706888889,-8.547300118722223,3.1848202661111116,11.732120384833333,2.2431358624763282,2.087111750559314,0.8935510256409587,8.372036001087972,-0.6516926460033966,-24.76112951075316,2.377506438401483,10.054389420947619,2.723208410381651,0,1,0,2,1,0,4.702212095,13.57991219,-2.595314622,0.3256113530000002,0.0,0.0,1,1,1,-3.332728863,6.378153324,-4.884171486,0.0,0.0,0.0,0,0,0,18,bricks
7.0736912975332951,4.4532760664940518,0.83678171068248797,7.5991961955,7.38371849,2.815581143,0.20590138449999973,0.0,0.0,142.41788227524094,1874.5305082301777,117.82939793665754,0.5303128469621289,-0.0,-0.0,0.9156490994444445,9.984353145,-2.389413307166667,-8.490371326888887,3.101289242555555,11.591660569444445,2.6596411971416924,2.110278670340496,0.9147577333275122,11.293991417509382,-0.77859088572886,-23.268953489975466,2.8128463468249945,10.204929386848566,2.558530371746178,0,2,0,2,1,1,5.2337248325,13.40752983,-0.67037648,0.20590138449999973,0.0,0.0,1,1,1,-2.365471363,6.02381134,-3.485957623,0.0,0.0,0.0,0,0,0,18,bricks
5.9533986057842796,2.9773222401453783,0.72653633804890816,10.132261753,0.0,2.758120418,0.0,0.0,0.0,131.06601487185537,1789.3577636925688,108.87368263462815,0.48607159499877584,-0.0,-0.0,1.1524090701111112,9.819951242722222,-2.3069463769444445,-8.474409891333332,3.241749121111111,11.716159012444445,2.4399587303444865,1.7254918835350628,0.8523710096248629,10.443505770250447,-1.7058828739294627,-23.02103201501832,2.6984153258271113,9.97039440792525,2.459377548109685,0,1,0,1,1,1,5.439626217,14.44182491,-1.149216771,0.0,0.0,0.0,1,0,1,-4.692635536,9.816226959,-3.907337189,0.0,0.0,0.0,0,0,0,18,bricks
2.8012706523856359,1.0108331233548553,0.3850027029882907,4.9943047765,0.7086839670000007,2.0590134859999996,0.4548983575000003,0.0,0.0,76.44757758293292,1749.637673487647,102.68189598453328,0.28892355881197573,-0.0,-0.0,1.2024213034999998,9.807714302944447,-2.3064143326666664,-8.146138327333334,3.3391133307777783,11.48525165811111,1.6736996900237617,1.0054019710319126,0.6204858604257559,11.954560413174619,-2.40034553530435,-22.5777114501096,2.060846341553944,9.859112179681084,2.3884199331186537,0,0,0,2,0,1,3.8929719924999997,9.816226959,-0.842759013,0.4548983575000001,0.0,0.0,1,2,1,-1.101332784,8.130709171500001,-2.901772499,0.0,0.35434198350000035,0.0,0,0,0,18,bricks
2.0998838313116051,1.5415373885454,0.37735723467060489,5.008669853,0.0,1.2832922340000001,0.19153618799999972,0.0,0.679953277,61.372803957324884,1834.9549616307381,92.36072082034595,0.3039045053983564,-0.0,-0.0,1.1444284112777776,10.020000245722223,-2.1803196834444445,-8.388750805499999,3.068302488166667,11.457053293666668,1.4490975920591425,1.2415866415781864,0.6142940946082788,11.65665923119672,-1.9556641825895993,-21.931883213656583,1.8465102815449967,10.0966302454244,2.265204440373073,0,0,0,2,0,1,3.2465374469999997,9.8305921555,-1.407790542,0.19153618799999994,0.0,0.0,1,1,2,-1.762132406,7.95832634,-3.0693665745,0.0,0.0,0.30166947850000003,0,0,0,18,bricks
2.829495235134929,2.125332115293896,1.0250592392713982,4.252102137,0.0,0.0,0.0,0.0,0.0,77.18643649748196,1756.0125308224572,117.63468553512114,0.3492982992190053,-0.0,-0.0,1.2077417463333329,9.768875042555557,-2.3473817474444445,-8.163163777111112,3.2715435962222226,11.434707373333334,1.6821103516520335,1.4578518838667718,1.0124520923339524,11.168188958777693,-3.120600425890265,-21.54173147428269,2.0707813406951536,9.877056834521035,2.556415519336935,0,1,0,1,1,1,3.055001259,13.57033539,-0.948103845,0.0,0.0,0.0,1,0,0,-1.197100878,9.6438446045,-2.2170307635,0.0,0.0,0.0,0,0,0,18,bricks
2.5976734098698042,2.2899968801869215,0.90196719978292506,6.770802498,2.6384105685000003,0.0,0.0,1.7286133775000003,0.0,77.36757517878738,1746.463042581931,125.17973140091796,0.3170982362889359,-0.0,-0.0,1.304041874777778,9.733228020944445,-2.4601752625555555,-8.014723208888888,3.3401774026111117,11.354900611500002,1.6117299432193362,1.5132735642265482,0.9497195374335125,12.685780535831213,-3.5944676682166863,-23.942337095207513,2.073209738797246,9.850163683304205,2.637125238261016,0,2,0,1,1,1,3.859453201,11.86566353,-1.359906554,0.0,0.0,0.0,1,2,0,-2.911349297,7.953538179500001,-2.4085669515,0.0,0.4548985955,0.0,1,0,0,18,bricks
1.3419727144366527,1.7364729971138051,0.33849853524930473,3.845087946,4.299985885,0.08619129599999997,0.34955346600000015,0.0,0.0,47.62093181651662,1793.8336719999793,117.07292882275844,0.25870983089413263,-0.0,-0.0,1.1417681939444444,9.895501666166668,-2.4830531742222224,-8.14986258388889,3.385401199222222,11.53526378311111,1.1584354597631465,1.3177530106639124,0.5818062695170143,11.051690223486728,-3.111011119442348,-24.811496518561114,1.6265323000604108,9.982856616330873,2.5503042173953205,0,0,0,2,1,2,3.021482587,12.70842266,-1.565807879,0.34955346600000015,0.0,0.043095647999999986,1,1,0,-0.823605359,8.408436775,-2.4181437490000004,0.0,0.0,0.0,0,0,0,18,bricks
1.8178491220148283,2.8008459066308649,0.88944634126391009,5.631162643,0.0,0.0,0.0,0.0,0.0,64.82212413826186,1826.4750333206186,103.67911264915482,0.21259734714719267,-0.0,-0.0,1.3354325130000002,9.933276865055555,-2.206921920111111,-8.100382469944442,3.2662231673888886,11.366605637333333,1.3482763522419388,1.6735727969320202,0.9431046290120254,13.215828252558358,-2.7210430884674617,-21.690131888862485,1.897690469700558,10.073273310323652,2.3999897297136137,0,0,0,1,0,0,4.19464159,9.730035782,-2.4181437490000004,0.0,0.0,0.0,1,1,1,-1.436521053,8.015787125,-3.677493811,0.0,0.0,0.0,0,0,0,18,bricks
2.8525599512662043,2.951052026717627,0.88505454603909806,0.0,0.0,0.0,0.0,0.0,0.0,70.76068496644808,1921.4814706793732,84.9709513991194,0.41570557260103735,-0.0,-0.0,1.0385514977777779,10.188126352111112,-1.9584570112777786,-8.524954231277778,2.946996291444444,11.47195052272222,1.688952323562215,1.717862633250292,0.9407733765573397,13.235837453613689,-0.47265439835866313,-18.449196173729476,1.9827125774561147,10.331939343283937,2.1726961156733777,0,0,0,1,1,1,4.19464159,14.08748245,-0.354341865,0.0,0.0,0.0,0,0,0,0.9720458985,9.892841339499999,-1.85790056,0.0,0.0,0.0,0,0,0,18,bricks
1.9062322293565377,1.1623525876766374,1.1049092617836442,6.387730122,3.9169139829999997,0.0,0.0,0.0,0.0,43.47494406153375,1862.0651958300698,82.16308963958993,0.4656055211122865,-0.0,-0.0,0.7134721022777778,10.113639990000001,-1.8600287173333332,-8.947397747277778,2.3234397447222217,11.270837492,1.380663691619555,1.0781245696470503,1.051146641427182,7.780294533562737,-0.578182939695306,-18.20502462841813,1.5541153979306717,10.170942258955353,2.1364962183650897,0,0,0,1,1,0,2.997540474,11.76989555,-1.85790056,0.0,0.0,0.0,1,1,1,-3.390189648,7.852981567,-4.290409565,0.0,0.0,0.0,0,0,0,18,bricks
1.7549810994739687,1.2115785002831709,1.2405823510020015,0.0,0.0,2.9113492969999997,0.0,0.0,0.0,43.79952469132196,1792.544944377622,104.14071676932006,0.38240839503667634,-0.0,-0.0,0.8236053835555556,9.91837949177778,-2.131903615333333,-8.557408843888888,2.9959444057777773,11.553353249666666,1.3247569963861179,1.1007172662782987,1.1138143251915922,9.595950228576905,-2.5916074005004197,-21.839046584952758,1.559906063612698,9.979270025568061,2.4053264593550163,0,17,0,1,1,1,3.12203908,11.88481712,-0.248996973,0.0,0.0,0.0,0,0,1,0.699106902,10.065223695,-3.16034627,0.0,0.0,0.0,0,0,0,18,bricks
2.4925971589864302,2.7858140339001003,0.5766116577894812,5.267243862,4.625597474,0.0,0.0,0.0,0.0,62.933064080782195,1873.8946334222207,115.81790025099312,0.34642195347469273,-0.0,-0.0,1.0018403958888888,10.0657559765,-2.420271913222223,-8.57922274238889,3.1810960006111113,11.760318743000003,1.5787961106445727,1.6690758023229804,0.7593494964701573,11.436084110223675,-1.665314162054455,-23.72941994364294,1.8698345749881822,10.203198391305815,2.536597680303646,0,0,0,1,1,0,3.12203908,12.15296745,-2.389413357,0.0,0.0,0.0,1,1,1,-2.145204782,7.527369976,-3.993528366,0.0,0.0,0.0,0,0,0,18,bricks
2.7531329726884843,2.7060455320315544,0.58207465490584087,0.0,5.137956617,2.26970315,0.0,0.66558838,0.0,72.95625507582989,1782.2184776204174,119.42166501252903,0.3327624610515369,-0.0,-0.0,1.1401720524999999,9.81356673761111,-2.460175256,-8.067927650388889,3.5535273633333326,11.62145501372222,1.6592567530941327,1.6450062407272363,0.7629381724005169,10.637035300948801,-3.2428874147114986,-23.564938782182836,2.0132375125629234,9.95048429201206,2.5757594889935875,0,0,0,1,2,1,3.428496838,12.818555830000001,-1.216254473,0.0,0.66558838,0.0,0,1,1,1.000776291,7.680599213,-3.485957623,0.0,0.0,0.0,0,0,0,18,bricks
3.1385644720292922,1.7261575448975925,0.83987710147886352,5.9471970800000005,4.8985362075,0.0,0.0,0.11971044549999998,0.0,75.84913600288165,1684.5139746737302,125.86007373760218,0.4096435095865872,-0.0,-0.0,1.036955359222222,9.58425543061111,-2.4803929562222216,-8.208387518111111,3.2151468589444443,11.423534377055555,1.7715994107103594,1.313833149565649,0.9164480898986388,9.64400892632948,-1.832852441873079,-23.267827341805628,2.0527642068803176,9.673888034502786,2.644281815305562,0,0,0,1,1,0,4.38617754,13.13937855,-2.810792804,0.0,0.0,0.0,1,2,1,-1.56101954,8.240842342499999,-3.485957623,0.0,0.11971044549999998,0.0,0,0,0,18,bricks
4.8076944339476153,2.9759848610160429,0.8456370351771253,7.613561391999999,0.0,3.7828385229999997,0.0,0.0,0.0,104.56645814914313,1818.230390298357,116.3024314691833,0.4972675945090823,-0.0,-0.0,1.0007763191666668,9.901354180111111,-2.369727654722222,-8.712766035944444,3.020418476944444,11.73318451288889,2.192645533128329,1.725104304387431,0.9195852517179282,9.89693927349592,-1.8475931166237163,-23.649673771984894,2.410238095075339,10.05051239793374,2.5418981475921507,0,1,0,1,1,1,3.983951569,13.13937855,-0.306457818,0.0,0.0,0.0,1,0,1,-3.629609823,9.543288231,-4.089296341,0.0,0.0,0.0,0,0,0,18,bricks
4.20894690060475,2.8484026612600508,0.82407292906622076,0.0,5.583278657,3.4763807059999996,0.0,0.06703758499999957,0.0,93.55971466989656,1821.4379641339578,116.050489536316,0.4899055882976096,-0.0,-0.0,0.9943917867222223,9.916783518166667,-2.3713237842222217,-8.335546273944447,3.120442901444444,11.45598917538889,2.0515718121978455,1.687721144401542,0.9077846270268188,9.68711536473158,-2.0824146779122112,-23.032114454612653,2.279860067220215,10.059373638922162,2.539143441927655,0,1,0,0,2,1,1.6376339789999999,12.430695535,-0.612915635,0.0,0.06703758499999957,0.0,1,1,1,-3.629609823,6.847416878,-4.089296341,0.0,0.0,0.0,0,0,0,18,bricks
2.5035248616317234,1.8022428932874592,1.1258839987285598,6.071695567,4.769249919999999,2.9241183796666665,0.0,0.0,0.23384330456047187,87.35517937412219,1934.1238316989734,82.576265453323,0.12421613457582982,-0.0,0.04929101164912874,1.532821143888889,10.278573884055554,-1.8605607499444448,-8.503672343111111,3.0241427820555558,11.527815125166667,1.582253096578333,1.3424764032516396,1.0610768109465778,14.991006954397161,-2.4396098318777257,-18.68148513817347,2.2029674352528605,10.365873044914084,2.141861410773908,0,0,0,1,1,2,5.334281445,12.49773312,-0.512359157,0.0,0.0,0.100556478,1,1,2,-0.737414122,7.7284832,-3.3087867495000003,0.0,0.0,0.2825158835000001,0,0,0,18,bricks
1.4810957822450526,2.0596896627663397,1.4101269846511819,4.290409475000001,0.0,4.194641471000001,0.0,0.0,0.0,53.707796171717376,2182.151222585663,135.74551026169843,0.20950947357839206,-0.0,0.03494204469692208,0.9798814622727271,9.855404723954546,-2.1817707216363633,-8.70270543540909,2.899595919909091,11.602301355318183,1.2170027864573905,1.4351618942705873,1.1874876776839336,8.922574343110455,-1.5813623037589437,-21.604676755073896,1.5624543072841492,9.959351983724238,2.48399888615934,0,0,0,1,1,1,3.878606796,12.23915863,0.603338838,0.0,0.0,0.0,1,0,1,-0.411802679,9.720458984,-3.591302633,0.0,0.0,0.0,1,0,0,22,bricks
1.8607366947338879,4.1918731493927099,0.61513869259976883,5.8801593785,6.623957955000001,2.7900430363333335,0.9002199174999999,0.7613946890652835,0.34884942232357735,94.07378014635032,3920.329217458567,240.49484508446406,0.3803600777894629,-0.0,-0.0,0.7425708815641028,9.814753630974357,-2.356140020615384,-8.807469987717951,3.0176763824358974,11.825146370153844,1.3640882283539757,2.0474064446007567,0.7843077792549101,7.32982009258588,-1.4361664166986279,-23.280833592506855,1.5531092070040589,10.026029223282618,2.4832507906663865,0,0,0,2,2,2,3.8211460114999998,13.781024935000001,-0.9337386489999999,0.9002199175000001,0.9002199150000001,0.18674772999999995,1,2,2,-2.059013367,6.6367270945,-3.7062242034999997,0.0,0.6607997415,0.23942017550000005,0,0,0,39,bricks
3.49860643620696,5.0709366275573373,0.70835222946704035,6.690995852333333,7.9176253065,0.0,0.5354645169971793,0.5950494310115457,0.0,184.65045838643493,5239.674796766514,396.29544726408574,0.4950113572118754,-0.0,-0.0,0.3492717953921569,9.882701294568628,-2.6574699878823522,-9.320861944980393,2.9004580067450982,12.221319951725492,1.8704562107162417,2.2518740256855705,0.8416366374315226,2.9495673719998323,-1.0502059407144533,-26.416679667078057,1.9027866993605511,10.136011123969121,2.7875614730374063,0,4,0,2,2,1,4.0701429845,13.982138155000001,-0.756567717,0.6512229445,0.6991066950000002,0.0,2,3,0,-2.3175872565,6.090849081333334,-2.56658411,0.25857388950000004,0.9451812429222917,0.0,0,0,0,51,bricks
4.8198522153909433,4.4023958467186874,0.80385341904600349,7.1123751796666665,7.132805920199999,3.7924154999999997,1.002880554822867,1.1684553433578175,0.0,270.48517873500015,5299.902664581806,420.2900779036771,0.527304992108403,-0.0,-0.0,0.6178882076923078,9.875161226096155,-2.6978969734038456,-8.976967240865385,3.2859497437499994,12.262916984615389,2.195416182729585,2.098188706174611,0.8965787299763495,6.263785110038037,-0.4831311126551592,-26.290814067017656,2.280709988708814,10.095603255284528,2.8429740586483803,0,2,0,2,3,1,4.1754877565,13.12661012,-1.647210717,0.7565677165,0.20123983009363294,0.0,2,3,1,-3.035847783,5.838659922333332,-5.439626217,0.4596866369999999,1.0425776462911345,0.0,0,0,0,52,bricks
3.0412341359709512,3.9441764938835329,0.99326431908931445,9.299079418,6.885724071166666,3.2695217845999998,0.0,0.7711757889323694,0.5494316179162945,268.44313733613274,5183.4428636186785,346.5684562339127,0.28743993373650106,-0.0,-0.0,1.4564113051346153,9.784549914903847,-2.381494002807692,-8.11781720598077,3.7605541782692304,11.878371384249998,1.7439134542662806,1.9859950890884734,0.9966264691895927,13.85862436501673,-2.8541902246597113,-23.19815889909527,2.272084511125162,9.98406698350569,2.5816231337083884,0,2,0,1,3,3,4.932055473,13.085110349999999,-0.7852981689999999,0.0,0.3230034911435222,0.22837557254283672,1,4,3,-4.367023945,6.4643446207499995,-4.060566028,0.0,0.8568967993345245,0.3657620724177635,1,0,0,52,bricks
1.3830519586857781,2.8377972657565755,1.1007675924795033,4.398946695,6.6247561005,3.4348812399999997,0.46768649620177005,0.5326711987966198,0.4346177349571989,157.8987728851859,5270.50160198043,389.7788005016489,0.10304216776010575,-0.0,-0.0,1.2858704851153842,9.92562354576923,-2.528829486346154,-8.417276479653847,3.7563182833076927,12.173594762961539,1.1760322949161635,1.684576286713242,1.0491747197104508,11.926263822593622,-2.937700500624523,-25.332633010238972,1.7425598592807803,10.067561772250775,2.7378360366342718,0,1,0,2,3,4,3.6870707275,13.20641645,-0.7900865527500001,0.5650316474999999,0.2736801744017626,0.21843728484793304,2,2,3,-0.4022258705,6.665457487,-4.226563930666667,0.3639186435,0.5458781720000001,0.2627762429047796,0,0,0,52,bricks
0.71330651094030217,1.3976191053967486,0.59062706231319939,2.3846249585,4.383783102499999,2.746947368166667,1.7142484185000002,0.6655490194304645,0.4049308148655784,72.93506814903674,5362.537550648445,362.525352255172,0.15026281992232698,-0.0,-0.0,0.8302354807307692,10.086035049634615,-2.5260669680769237,-9.035533004403847,3.2933165265192303,12.328849530923076,0.8445747515408581,1.1822094168956483,0.7685226491868663,8.436434033574223,-2.009297240422717,-25.431359359129317,1.1843130770216777,10.155083560850432,2.640386598496996,0,1,0,2,3,3,2.78685081,12.392388026666666,-1.0694100856666668,0.33518826999999995,0.6260915051916992,0.2512378526529844,1,2,4,-0.976834297,8.21211195,-3.8091748357499995,0.0,0.3687071799999999,0.27393468506055924,0,0,0,52,bricks
0.36336172605749795,1.1129871489192842,0.42084384376314687,1.5322891125,3.202757835,1.9369091840000001,0.5526959791467875,0.4446144551125232,0.8579764773501325,48.76085962336365,5210.893159085735,305.9567785028943,0.040937011584036315,-0.0,-0.0,0.7578569210961539,9.95472233061538,-2.3372933829999996,-8.97365214171154,3.027744317711539,12.001396459423074,0.6027949286925844,1.0549820609466702,0.6487247827570232,7.540446864286455,-1.6704888331644117,-23.439146097066214,0.9683536744964825,10.010468711732328,2.425651294390587,0,0,0,4,4,3,1.8842367530000002,11.4466784,-1.0055647093333333,0.28258685121862054,0.27460369113801103,0.25204777129552525,3,4,2,0.06384537866666666,8.25041913975,-3.4237084390000003,0.09062895999201719,0.37025852740413073,0.004788398999999943,0,0,0,52,bricks
1.0551509629790485,1.5566151553547258,0.60516703708212038,4.309562922,6.5601124760000005,2.700659633,0.0,0.0,0.06703764199999984,72.22454997851497,5104.745952563692,345.2916037505561,0.445891430864362,-0.0,-0.0,0.5777392928076922,9.829118792653846,-2.4566351198269234,-9.058922514019232,2.9675209352307688,12.026443449250005,1.027205414208399,1.2476438415488318,0.7779248273979437,5.753499162360219,-1.0950481039226228,-24.25054349199747,1.178530293812162,9.907986243200773,2.5768630442941975,0,0,0,1,1,2,2.23139596,13.9055233,-0.8619126079999999,0.0,0.0,0.06703764200000001,1,1,1,-2.078166962,7.345410824,-3.562572241,0.0,0.0,0.0,0,0,0,52,bricks
1.4391295586437896,2.6049272041607319,0.64828214756083546,4.9320554734,5.1307741415,3.06697242,0.646842237544967,2.386368192007934,0.3761487495229815,92.33559018803686,5197.548336783685,363.9286873007927,0.4923591553569371,-0.0,-0.0,0.5801334915769233,9.866505228615384,-2.519989375846154,-9.138115396192307,3.0041706293846158,12.142286025576919,1.199637261276837,1.6139786876414235,0.8051597031402129,5.678814740070376,-1.0380823546850275,-24.828984506275187,1.3325480954521012,9.997642353597946,2.645492128496761,0,0,0,3,3,3,2.4420857430000003,13.844870570000003,-0.9512961306666666,0.39656147578078915,0.4127542866210183,0.1377492596902737,3,2,2,-2.4803929329999996,7.4890630245,-4.012682080499999,0.2861313679385263,0.14365220050000005,0.45010983950000005,0,0,0,52,bricks
1.6664481655646266,2.7172320126568454,0.75174994366136283,4.906517346833334,5.1307741415,3.1284235519999997,0.5932383274054577,2.386368192007934,0.43888760012793493,100.4930180558025,5232.153760661684,347.57274182950766,0.5217259653598247,-0.0,-0.0,0.5158583855769231,9.89449895338462,-2.4356398020576924,-9.173475895653848,2.8907222989807693,12.064198194634615,1.2909098208490888,1.6484028672193105,0.8670351455744818,4.880927482180126,-0.7289050219391178,-23.959123663090697,1.3901647526587118,10.030869431469341,2.585360939797188,0,0,0,4,3,2,2.3654713035,13.844870570000003,-1.029506713,0.3681780412718492,0.4127542866210183,0.10055646299999998,3,2,2,-2.4803929329999996,7.4890630245,-4.055777669,0.2861313679385263,0.14365220050000005,0.4070142509999999,0,0,0,52,bricks
1.6880295200447921,2.6979987140790942,0.74746970798381063,4.9148172856,3.8091750175000003,3.045424580666667,0.7583572897927878,2.6751824797479293,0.37296301495329154,102.10363037789106,5261.901430716967,338.6420633047516,0.5166900064759001,-0.0,-0.0,0.5248826853461538,9.924334406653847,-2.4010159648076925,-9.257088805750003,2.8358398328269234,12.092928638576922,1.2992419020508814,1.6425585877158522,0.8645633047867638,4.883269772313136,-0.9045643711492983,-23.67090506911654,1.401260630083134,10.059344517868569,2.551930126638507,0,0,0,3,4,2,2.410163084666667,13.393164397500001,-0.7469909189999999,0.41563285748077855,0.8601685734010623,0.38307225699999997,3,1,2,-2.2824722926666667,7.632715225,-4.055777669,0.5651848927000076,0.0,0.4070142509999999,0,0,0,52,bricks
2.157075269795433,2.4709636558460915,0.94291001311418843,5.600037813249999,3.6372713106,4.098873258,0.5046884132616853,2.177129720378148,0.0,116.94067767195624,5214.042790931843,371.5240847675335,0.5010773464880052,-0.0,-0.0,0.3029586047692309,9.889342243846155,-2.490338114538461,-9.42947135123077,2.732336658038462,12.16180800926923,1.4686984951975108,1.571929914419244,0.9710355364837007,2.8195307552189055,-0.1061092340432644,-24.351225856092842,1.4996196804520645,10.01349357975358,2.6729560299109236,0,0,0,3,4,1,2.8921957016666666,12.9478428375,-0.363918662,0.6105667980000355,0.9372805975730768,0.0,2,2,1,-2.6815059185,7.551312208000001,-4.46279192,0.038307189500000005,0.08140301699999997,0.0,0,0,0,52,bricks
1.9643511684496817,2.4217754123855904,0.84060045610479273,6.467536926666667,3.8339150760000003,2.9017724990000002,0.7929046105945965,2.05786753981616,0.3830722569999998,105.26147609357133,5255.334375840398,320.18043195778245,0.4841916900694282,-0.0,-0.0,0.24476108186538473,9.931885379923077,-2.305800412673077,-9.445125763134616,2.5188843630769235,11.964010126211544,1.4015531272305313,1.5562054531409373,0.9168426561328791,2.225189568826646,-0.042490603007471144,-22.66361452885334,1.4227646170908228,10.053065334131444,2.4813939629144195,0,0,0,2,3,2,3.2896331549999998,13.25110849,-0.7469909189999999,0.29209268099999997,0.8963516799621241,0.38307225699999997,2,1,1,-3.2992099525,7.469909191,-3.648763418,0.6560112235,0.0,0.0,1,0,0,52,bricks
1.8855428397628289,1.9861650923020844,0.80877129713099039,6.8809357885,2.9439104086,3.284844756,0.6560112234999997,1.865984548033316,0.0,99.47369581465408,5229.829547333736,316.71753821486203,0.42076162818450025,-0.0,-0.0,0.1655682607884616,9.92912282373077,-2.2982494624423078,-9.514373407,2.4516625480384624,11.966035955038459,1.373150698125602,1.4093136954922723,0.8993171282317436,1.4538151297219686,0.07928781048539278,-22.509725094707864,1.3830964133939996,10.028641241017318,2.4679387935577632,0,0,0,1,4,1,3.581725836,12.361263275,-0.363918662,0.0,0.5514520415745748,0.0,2,2,1,-3.2992099525,7.685387373,-3.648763418,0.6560112235,0.21547818200000002,0.0,1,0,0,52,bricks
1.7861867426256999,2.04162861881133,0.69467321418171946,7.536947012,3.7062241228888886,0.0,0.0,1.162020878867818,0.0,96.46323447929552,5249.4630176076225,297.0503096349094,0.5066539169086671,-0.0,-0.0,0.2624413437307693,9.94532972094231,-2.240051950365385,-9.576622658096154,2.3680496625576923,11.944672320653847,1.3364829750601765,1.4288557025855795,0.8334705838730719,2.2069735409140065,-0.5556690641271711,-22.1830195875292,1.3620066818943704,10.04744802808503,2.39008492621444,0,1,0,1,4,1,3.581725836,11.9231243125,-0.363918662,0.0,0.261483401481465,0.0,1,6,0,-3.955221176,7.7412521045,-2.130839586,0.0,0.33283887588579214,0.0,1,0,0,52,bricks
1.7345668025495447,1.8690205079369899,0.55334849493002303,7.536947012,4.2987890234999995,3.859452963,0.0,0.4754389009333662,0.0,90.24549194777443,5073.473416447392,326.57353421138555,0.15686325756948383,-0.0,-0.0,0.030387945230769195,9.782524007750002,-2.39309669223077,-9.519161812865386,2.4056202084423077,11.924782021307692,1.3170295374628256,1.3671212484403095,0.7438739778551359,0.2625101402134724,0.3010922676094927,-23.158208251111198,1.3173800627627903,9.877590620700078,2.506044746866239,0,0,0,1,5,1,3.581725836,11.990162086000002,-1.18752408,0.0,0.3313629418593176,0.0,1,4,1,-3.955221176,7.72130048275,-5.046977043,0.0,0.3413814423725712,0.0,0,0,0,52,bricks
1.1872731648145505,2.1287317234002865,0.373869654236891,4.194641351,4.5374908436,2.8251582389999994,0.0,0.6637603498962077,0.0,61.790383488164814,5073.871060264609,322.90520125103876,0.17674350053285331,-0.0,-0.0,-0.031677132557692264,9.769632119134616,-2.4157495222884617,-9.590803667576925,2.3299265927884614,11.920730260365385,1.0896206517933433,1.459017382830063,0.6114488157130497,-0.6182117961292762,0.39815169322560845,-23.58312305166278,1.090081008706063,9.877977701261882,2.491930056938561,0,0,0,1,3,1,2.777273893,12.318965593333333,-1.359906554,0.0,0.3948877292029009,0.0,1,3,1,-1.417367458,7.747636636,-4.185064793,0.0,0.39065843613461054,0.0,0,0,0,52,bricks
1.1292494425802422,2.455400160013423,0.41461995681103453,4.007893652,4.794788041833333,3.1699229470000003,0.39743748300000004,0.6089539357231333,0.0,60.58487838861339,5264.314151811657,289.136751041833,0.47550742110915073,-0.0,-0.0,0.18932610117307694,9.938883762865384,-2.26841402275,-9.532421984788463,2.4409807122884617,11.973402697076923,1.062661490118204,1.5669716525876984,0.6439098980533181,1.733916928251799,-0.044792302890464306,-22.41167256798136,1.0793951154075327,10.061650491433431,2.3580335314451895,0,0,0,1,3,1,2.691082716,12.44984881,-0.354341865,0.0,0.31482314377577675,0.0,2,4,1,-1.316810936,7.60398447525,-3.524264812,0.39743748300000004,0.5232301650351161,0.0,0,0,0,52,bricks
1.5739634330846977,2.4521912164824782,0.6487523744839554,4.5250412225,5.376419450199999,3.2082301773333337,0.5889736414999998,0.729010544664632,0.1587170888565077,83.5056149428347,5317.779333342174,311.39805487005657,0.43200735560209713,-0.0,-0.0,0.1786442760192307,9.990635413384613,-2.3107729783846165,-9.619534153769232,2.451478366153846,12.071012519923077,1.2545769936854005,1.5659473862433813,0.8054516586884375,1.7489775957379605,-0.14518343668829684,-22.83642355673371,1.267232105984982,10.112615249264516,2.447125687846144,0,2,0,1,3,2,2.221819162,12.421118419999999,-0.5458779935,0.0,0.7123408158092632,0.1915361285,2,3,2,-2.3032220605,6.952761650333334,-3.648763299,0.5889736415,0.035833095285687365,0.12449848699999988,0,0,0,52,bricks
1.7427810600614753,2.9552662012695352,0.87107475158489633,5.31512777,5.634354907666666,3.374228259,0.14856913310365383,0.6105334823754517,0.24940596721715844,91.26380682099939,5324.630190104673,352.7055892040644,0.3417874644992798,-0.0,0.0010915446989788816,-0.11086996001923068,9.972034307192306,-2.4314039238269234,-9.933727082730767,2.2674931865576924,12.201220269288463,1.3201443330414575,1.7190887706193463,0.9333138548124614,-1.1574444621318818,0.5213499613483067,-23.889226337218812,1.3247917602763621,10.11912715727448,2.604380884660662,0,2,0,2,2,2,2.3463176485000004,12.531251905,-0.8236053885,0.12449848650000006,0.21547794499999995,0.08619126649999997,2,2,2,-2.9448680879999998,7.211335420499999,-4.070142865499999,0.052672386000000015,0.7278373244999998,0.29688107949999987,0,0,0,52,bricks
1.3590374739096081,2.5410059662640205,0.77903404619760863,4.485137780333333,5.533478927,3.222595513,0.9352421665414743,0.5382267828277184,0.23463177699999993,70.67080230060752,5362.85242489343,338.21751807493195,0.033816527412804026,-0.0,0.0011091678461040125,-0.00405172638461536,10.029495073807691,-2.3927283576923077,-9.858770071826926,2.2737549514423083,12.13252502326923,1.165777626269096,1.5940533134948844,0.8826290535653178,0.07355025991972196,0.4689964347412795,-23.779610646360013,1.1657846672504764,10.155381696509334,2.5503299864728364,0,0,0,2,3,1,2.1164742705000004,12.864843686666667,-0.909796655,0.35434186450000005,0.8525090997007352,0.0,2,3,2,-2.23139596,7.045337518,-4.132392168,0.766144514,0.6389643087781541,0.23463177699999993,0,0,0,52,bricks
1.3467591686088385,1.534585132117638,0.36692982757369452,3.7636851075,3.9935282595555552,0.0,0.5363012555000002,0.3959444064870389,0.0,71.13781658100935,5249.79972231483,328.44910992532516,0.42016108009478675,-0.0,-0.0,0.14586214601923075,9.971113369903845,-2.439139030365384,-9.624322457846155,2.4726578696730774,12.096980327519237,1.1604995340838524,1.23878373097068,0.6057473298114442,1.5702300477202267,-0.5059982385278983,-24.35579021739945,1.1696302553585785,10.04777024854733,2.5132307966093137,0,3,0,2,5,1,2.2984336615,11.835017775999999,-0.785298169,0.5363012555,0.3105836789692522,0.0,1,5,0,-1.465251446,7.8625585554,-2.537853718,0.0,0.4549942646777922,0.0,0,0,0,52,bricks
1.5502731891856552,1.6007772820608783,0.56980077110333405,4.19942975025,3.830722672142857,3.7349545060000002,0.9297027737857955,0.3866808680567333,0.0,81.40359364801715,5215.8768298872565,341.90171415516716,0.37591160164004944,-0.0,-0.0,0.12320931301923078,9.935016173596155,-2.450557527057692,-9.673495675057694,2.5146484740769233,12.188144149134613,1.2450996703821164,1.265218274473175,0.7548514894357261,1.491178608761874,0.02777027067702864,-24.285661540986546,1.2511809317602012,10.015254547522895,2.5641827088806384,0,3,0,3,4,1,2.183511972333333,11.717223167500002,-0.344765037,0.5480299780712204,0.2371587136935129,0.0,2,4,1,-2.0063409805,7.862558484,-4.079719543,0.5315127375,0.43964745369478087,0.0,1,0,0,52,bricks
1.0880789072504937,2.3411832421919132,0.71500714282012745,3.639186501,1.4269447300000007,4.242525175000001,0.4909455893710472,0.0,0.06703765699999975,57.23424611584778,5287.351127162562,319.06388650704565,0.3844693377714063,-0.0,-0.0,0.11215913650000003,9.966877451153845,-2.328269062730769,-9.72727311521154,2.3883082715961534,12.11558138680769,1.043110208583203,1.5300925600080255,0.8455809498919236,0.8431698046915483,-0.053253041409997495,-23.398090800395583,1.0491227664820353,10.083641671961121,2.477063578370434,0,3,0,3,2,2,2.0047448473333334,13.804966924999999,-0.411802694,0.36251581996112314,0.7134723650000003,0.067037657,2,0,1,-1.762132406,10.026916504999999,-4.654327869,0.28730416300000006,0.0,0.0,0,0,0,52,bricks
0.91942897965154435,3.3457059729974432,0.97544580889264043,3.9360675814000006,3.6511576155000003,2.557007312666667,0.3568950483212896,2.459304154796244,1.6812137294761127,47.82187892649888,5341.686458563969,352.24691615915145,0.11062530954365933,-0.0,0.010045049056077369,0.014917713153846176,9.968903330596156,-2.4080143994615386,-9.734824075999995,2.3855457307692305,12.120369806769231,0.9588685935265292,1.8291271068456243,0.9876466012155565,-0.07867584470875658,0.31364490796626704,-24.06025543752895,0.9589846285615243,10.13532138551948,2.6026869110415016,0,1,0,3,4,2,1.8898231586666665,13.512874365,-0.598550439,0.2973782813874728,0.6793123922217775,0.11971008799999999,3,1,2,-2.027090788,7.307103634,-4.31435132,0.060737079061646666,0.0,0.3399765490000002,1,0,0,52,bricks
0.93756770753381047,3.4429205643785212,0.92198263896671173,3.833116949,4.1678263656,2.7517358363333333,0.32591936247716213,2.430293794988178,1.3110279615719804,48.830563375676796,5356.675341018871,328.890902192799,0.2132797561970976,-0.0,0.01040246380891106,-0.03849140361538464,9.97848018301923,-2.3244015150576924,-9.832802227692305,2.232316826634615,12.065119054326923,0.9682807999407044,1.8555108634493416,0.9601992704468754,-0.5470196857333078,0.29689454933272336,-23.341185298648966,0.969045559138523,10.149531384615056,2.5149204842637083,0,2,0,3,4,4,1.8898231586666665,13.512874365,-0.38786068549999997,0.2973782813874728,0.6793123922217775,0.4922748842103477,2,2,3,-2.0159178975,6.900089264,-3.642378886666666,0.07182610050000005,0.40701436999999974,0.24507806919844266,0,0,0,52,bricks
1.0106965202665799,3.0149593952624207,0.88857061647016189,3.2005688432,4.8530467745,2.62883345775,1.2982477303175568,2.243941814883384,1.590333933567059,53.425404338181224,5339.200575970184,314.12988533190065,0.41728307074987386,-0.0,0.01064951421303314,-0.1292868965576923,9.98308443107692,-2.2698873797692305,-9.963009974557691,2.106344982615384,12.069354957173081,1.0053340341730104,1.7363638429955919,0.9426402370311602,-1.5393308129987608,0.45248590546636547,-23.0221573844196,1.0136131519904916,10.13296275297965,2.457836311332751,0,2,0,4,3,3,1.692700565,13.177686056666666,-0.3575341303333333,0.4276649769180854,0.4072865004653583,0.5651848804057903,2,2,2,-2.0159178975,6.900089264,-3.768473506,0.07182610050000005,0.40701436999999974,0.20590126500000006,0,0,0,52,bricks
0.87394692234070526,2.8333629095396371,0.84164009215822477,2.3635559321999997,4.4704536456,2.6168624012499997,1.2030908565168232,2.756007355056597,1.5894235576559959,45.853303955020394,5374.4057540456615,279.2582871061374,0.3617934339712734,-0.0,0.011350763638816532,-0.08858546430769229,10.025995905596151,-2.1280769682884615,-9.877002899942308,2.019601213942307,11.896604113884614,0.9348512835423105,1.68325960847982,0.9174094462987749,-1.1228660412853324,0.4115985490846158,-21.744077443323867,0.939039033708032,10.166314809633356,2.317401923516513,0,2,0,2,4,3,1.4365209939999999,13.529633762500001,-0.3575341303333333,0.33518821,0.7248186916169563,0.5651848804057903,4,2,2,-1.7070658505,7.388506174,-3.744531393,0.34664702665227276,0.8954312799999999,0.229843378,1,0,0,52,bricks
0.73482539622850385,2.2647262511248942,0.6815948391069534,2.9649793864000005,5.139553074666666,3.8355110585,0.47335394163593614,2.6396954644910116,0.5793968144999999,39.74296000275508,5307.074397244486,283.74114293477294,0.49917640048685114,-0.0,0.01105762366281356,-0.17164584507692304,9.989714549115384,-2.1851694675576927,-9.902970774442307,2.007446034884615,11.91041680932692,0.8572195729382897,1.504900744609057,0.825587572040031,-1.8128891202348474,0.4572674378147174,-21.980282964265395,0.8742354902202697,10.10243154017549,2.3359281754911305,0,2,0,3,3,2,1.4716359776666668,13.468182566666664,-0.13886371249999999,0.27814902762935667,0.8278755037719753,0.5793968145,3,1,1,-1.5801731346666665,6.751648903,-3.974374771,0.30953487060897084,0.0,0.0,1,0,0,52,bricks
0.69181267939636082,2.0475706034515353,0.54802847190599713,2.7166208823333338,4.7213659335,4.3478702904999995,0.35190330870915226,3.1507692334999993,0.0670375824999998,43.685889030794,5313.2087531413,286.30210934510734,0.4950176114773594,-0.0,0.01085416885252793,-0.3850981319038461,10.006473944557692,-2.2266075817692315,-10.241105715153848,1.7844169454423082,12.025522660596152,0.831752775406467,1.4309334727552974,0.7402894514350432,-3.9048852151639064,0.9747988361602921,-22.541738954982602,0.9165769201721113,10.108268467277842,2.346446205455863,0,2,0,2,2,1,1.3215993645,13.83848572,0.440533102,0.22026658050000003,0.7852983499999997,0.0,2,1,2,-1.3982138035,6.751648903,-3.9073371884999997,0.21068972350000004,0.0,0.06703758250000003,0,0,0,52,bricks
0.6868814923364327,1.5066072601901082,0.34926936284647658,2.6016992133333336,4.95599723,0.0,0.40149048738179727,0.5556816274018566,0.0,45.35070370126976,5222.403928523347,281.9718674879429,0.47585263292461644,-0.0,-0.0,-0.43040379296153836,9.94606643448077,-2.2523912960192316,-10.152336111153847,1.7304553288461546,11.882791440000004,0.8287831395102296,1.2274393101860912,0.590990154610444,-4.193493614932392,1.057420144234083,-22.494615084962593,0.9338784274904905,10.021519085412905,2.328633915674524,0,1,0,4,3,0,0.9433154912499999,12.433887483333331,-2.2936451435,0.3732805513237282,0.5716923638404434,0.0,3,2,1,-1.628057162,7.632715225,-3.840299606,0.250588028720645,0.01915359499999969,0.0,1,0,0,52,bricks
0.70305678159331053,1.6082985734274167,0.32238211279077844,2.8778304759999997,4.447468758000001,1.5418658492,0.48655931723656604,0.842946043687592,0.6805599487132822,41.24507152878662,5267.010345673004,272.90792702270596,0.5287830726808768,-0.0,-0.0,-0.300196054076923,9.984005304499998,-2.2194249825192314,-10.046254545730772,1.907442087,11.953696632730772,0.8384848129771407,1.2681871208253994,0.5677870311928394,-2.86806390828364,0.8313456349942807,-22.295635326939404,0.890603420427221,10.064226770781328,2.2909014308392375,0,0,0,2,3,2,1.1635820570000002,12.38919576,-1.1348516050000002,0.378283888,0.5641560588471564,0.234631747,3,3,4,-1.6376339596666665,7.884904543333334,-2.9999346732499994,0.23037481398170923,0.35699226606535683,0.11618668355781502,1,0,0,52,bricks
0.82946941167551258,1.5247033392627309,0.3598624745349237,3.485957742,4.447468758000001,1.2928689119999999,0.0,0.842946043687592,0.8342455135243011,43.63535448010381,5219.345103243622,281.66058643413476,0.38310502532999935,-0.0,-0.0,-0.09834643173076925,9.942198845173076,-2.24870791001923,-9.85969096776923,2.0816663067692307,11.94135727453846,0.9107521131875087,1.2347887832591984,0.5998853844985089,-0.8612129827795479,0.5282126907895808,-22.499606452206912,0.91604663216983,10.018583792943172,2.327348220425552,0,0,0,1,3,2,1.541865945,12.38919576,-1.1348516050000002,0.0,0.5641560588471564,0.234631747,1,3,5,-1.944091797,7.884904543333334,-3.0128633497999995,0.0,0.35699226606535683,0.10708911736618787,0,0,0,52,bricks
0.75446765152749817,1.1206324254315496,0.42423595823958454,0.0,3.7876269817500003,1.8746598957500002,0.0,0.2999162793930295,0.16257667596093076,39.4410334762842,5255.620865284004,261.6469490059979,0.31391353160548285,-0.0,-0.0,-0.0633542538269231,9.997449654749998,-2.1464939175384603,-9.872766996846154,2.0293622097115387,11.902129206557694,0.8686009737085828,1.0585992751894124,0.6513339836363404,-0.4780620359508209,0.48212402577121966,-21.508695745645817,0.8709083838185648,10.053339346938033,2.243138893664232,0,0,0,0,2,2,0.06703764749999999,12.057199955000002,-1.211466074,0.0,0.3830723750000003,0.15801727799999998,1,3,3,-1.944091797,8.229669571,-3.077347199,0.0,0.3844531639219316,0.02513603722105601,1,0,0,52,bricks
0.9006082627555354,1.5048808808543985,0.60035773551958538,3.7828387625,5.793968199000001,2.1930887222,0.3064578175000001,0.0,0.37742825320968554,48.73930625449252,5197.388484451377,279.7261302963141,0.4922650807442842,-0.0,-0.0,-0.19153612790384617,9.921940216826924,-2.1860903284230773,-9.953985674596156,1.9499852148076924,11.90397088940385,0.9490038265231261,1.2267358643385293,0.7748275521169762,-1.9062338746880572,0.9365094870592894,-21.597324349255363,0.9681396340652176,9.997488612003611,2.31934229029363,0,0,0,1,1,3,2.087743998,12.44027233,-1.0662178396666666,0.0,0.0,0.24257041435066784,2,1,3,-1.6950947644999999,6.646304131,-3.272075653,0.3064578175,0.0,0.26032168803786776,0,0,0,52,bricks
0.90905837775920029,1.7937004520804705,0.80736511517560416,2.92571446325,5.24489784,2.9225222963333337,0.14936444166980825,0.523921202063082,0.2917609851229723,65.00601107761511,5284.303230044201,354.7246052707031,0.4450243289475629,-0.0,-0.0,-0.584001044423077,9.991372053442308,-2.452399214903846,-10.384205303980767,1.8300909430000003,12.21429624698077,0.9534455295187033,1.3392910259090332,0.8985349827222111,-6.257809314522233,2.034395452718784,-24.351107430183337,1.1180856843938418,10.080734891980267,2.611824462791595,0,0,0,3,2,4,1.0342951219999998,12.066776749999999,-1.0462661385,0.2349735624371593,0.5650315299999997,0.33868433946511256,2,2,3,-1.8962077499999999,7.1921820645,-3.920106331333333,0.105344832,0.5458779334999999,0.26796054339583386,0,0,0,52,bricks
1.3306238975261087,1.4682988841149334,0.68428553151995497,3.1539617379999996,3.9935278926666666,3.1252313846666664,0.29799450176382886,0.33312985901275377,0.2781490488461853,75.1963069579821,5475.339437493282,273.8557098813877,0.5266498204721602,-0.0,-0.0,-0.3397924787115384,10.189538277,-2.140600482980769,-10.362473311384614,1.7617641009230771,12.124237412307691,1.153526721635051,1.2117338338574746,0.8272155290611721,-3.849707878983656,1.0960252140285909,-21.868767717444562,1.2025318399589426,10.261334668675564,2.294876022633349,0,2,0,2,3,2,1.1731588245,12.038045886666666,-0.900219828,0.15801733750000002,0.13061010548009314,0.11492165899999995,2,4,2,-1.9967642424999998,8.044517994,-4.0605661865,0.20590132449999998,0.30645799600000023,0.22026658049999992,0,0,0,52,bricks
1.1160456971897956,1.3353833342656289,0.16293779785895685,4.53461796,4.6319818480000015,1.733402014,0.17717093199999967,0.4743715558452272,0.0,60.94220055853253,5594.451639084939,150.82936106323527,0.5079629975453601,-0.0,-0.0,-0.2364734618653845,10.30777498346154,-1.6545775406346155,-10.366340847480767,1.3779551583269234,11.74429600580769,1.0564306400279173,1.155587873883085,0.40365554357515865,-2.300623546256805,0.3659367098182044,-16.995893563833214,1.0825735057521013,10.372348260829904,1.7031044113123102,0,2,0,1,2,1,2.56658411,12.435483455,-0.727837324,0.0,0.569819925,0.0,2,2,1,-1.9680338499999999,8.121132374,-2.461239338,0.177170932,0.3830723759999999,0.0,1,0,0,52,bricks
1.0162129740548953,1.7091967575439715,0.43666417286818138,2.9033685919999996,5.232128778333333,2.7485435010000003,0.5373665857508122,0.4583766580185678,0.0,57.48903116426046,5228.557862866896,219.05402743711562,0.5297652731966948,-0.0,-0.0,-0.2989068710576923,9.941830460884615,-1.9431709337692307,-10.035941005096156,1.635976441480769,11.671917446576925,1.0080738931521316,1.3073625195575906,0.6608056997848772,-3.1951186691121856,0.6802430350705974,-19.279770350523307,1.0514553207913284,10.027421885535546,2.0524564430734618,0,1,0,3,2,1,1.110909581,12.694057465,-0.727837324,0.46055046115208087,0.31124591500000065,0.0,4,2,1,-1.8674773274999998,7.7524249555,-3.476380825,0.4790797205797522,0.5602428915000002,0.0,0,0,0,52,bricks
1.0479575661539264,1.5275159223559958,0.36522884891586738,4.434061527,5.024631345333334,1.6831237672500001,0.0,0.2763846939721801,0.8460818586322162,55.71764320670364,5276.395783132239,257.6749424863772,0.44278222399971995,-0.0,-0.0,0.15341307778846153,9.99708126171154,-2.1424421827884617,-9.67552155076923,2.2251342257692306,11.900655776538464,1.0236979858112092,1.235927150909792,0.6043416657122588,1.2310176414038732,-0.11666705535487137,-21.664884797336107,1.0351295274459398,10.073189647555534,2.226047473776616,0,1,0,1,2,2,1.762132406,12.68926907,-1.2210428715,0.0,0.30645752000000037,0.023941993499999925,1,2,3,-2.671929121,7.4699094294999995,-3.240152915,0.0,0.2777273655000001,0.19158934156130028,0,0,0,52,bricks
0.93892528098863137,1.4008949837393949,0.43786980351613364,0.0,4.750096007666667,2.3271639939999997,0.0,0.6069509861160378,0.0,51.39363832104145,5473.591045474303,268.93748193231204,0.5148241371062906,-0.0,-0.0,0.22229241438461544,10.191195772596153,-2.1757768380576925,-9.695411856326922,2.409303586326923,12.104715442653852,0.9689815689622953,1.1835940958535551,0.6617173139008331,1.9250302918434758,-0.5184573662691165,-22.308230130094564,0.9941525026280289,10.25969620696057,2.274175598440996,0,51,0,1,2,1,2.145204782,12.588712220000001,-0.909796655,0.0,0.40701436999999974,0.0,0,2,1,0.282515794,7.814674138999999,-3.236960649,0.0,0.33518815,0.0,0,0,0,52,bricks
2.1253121157750132,1.1549644887738391,0.65860367759121352,5.822698593,4.659116511000001,3.351882577,0.0,0.7771540376401005,0.0,112.10132292832142,5287.897171510505,279.5828691483517,0.41918800292252956,-0.0,0.01207846983719004,0.17459254257692303,10.026732555153849,-2.1720934510000003,-9.66134055384615,2.28812013625,11.94946069009615,1.4578450246082446,1.0746927415656249,0.8115440084131073,2.2269584624442533,0.35095367133029726,-21.731113854891696,1.4682624668970081,10.084162346043216,2.3187482910976565,0,3,0,1,2,1,2.145204782,12.76588345,-0.881066203,0.0,0.5841855999999996,0.0,1,3,1,-3.677493811,8.092401822333334,-4.23294878,0.0,0.2844167275903182,0.0,0,0,0,52,bricks
2.4147323859712135,1.3625434379216599,0.77214248946242336,6.496267318666667,4.6026132622,3.01669423275,0.6443482036248761,0.7042337588301681,1.7910037345446044,125.79339841668532,5245.05609358331,292.82150606311933,0.23458738678917565,-0.0,0.011904065198110996,0.06611678859615382,9.975165156538461,-2.2043230977884622,-9.745137630538458,2.2109531808653844,11.956090811403849,1.553940921004146,1.1672803596058918,0.878716387386979,1.1256578750427533,0.6048972676190306,-21.98394643099923,1.5553468473962588,10.04322972644461,2.3730113377112514,0,3,0,2,3,3,2.9161376949999998,12.542424523333333,-0.43734083566666665,0.770932913,0.5721739193452842,0.6479440998622681,2,3,2,-3.1459810735,8.092401822333334,-3.8642415999999997,0.5315127375000002,0.2844167275903182,0.36870718000000013,0,0,0,52,bricks
4.1253928975016203,2.1984734750239934,0.94016342552853871,7.843404849333333,5.774814848,3.8355111815000003,1.493306479232645,0.1436522010000001,0.5706242565723922,214.6781120354451,5249.431173635325,343.8984502165538,0.17511039196023864,-0.0,0.011026978290980951,0.05506663190384609,9.937410428173079,-2.381862361557693,-9.706830386557694,2.370075516057692,12.076905902615382,2.031106323534448,1.4827250166581778,0.969620248101564,1.7946269622961706,0.8921952112232231,-23.5068813093917,2.0318526598773974,10.047417553430682,2.571659334930217,0,3,0,2,1,3,5.4683567285,13.35006905,-0.197920675,1.7812861205,0.0,0.5674521880616772,2,2,2,-3.1459810735,7.575254202,-3.8642415999999997,0.5315127375000002,0.1436522010000001,0.36870718000000013,1,0,0,52,bricks
4.6261298522084937,2.7102383191796853,1.0000206281132773,7.843404849333333,4.357447308666667,3.8355111815000003,1.493306479232645,2.0078891369660874,0.5706242565723922,242.59320048579914,5233.874941460372,351.5907866667439,0.3645714783161287,-0.0,0.01094333699299462,0.1977978849423076,9.896524787153847,-2.400279286653846,-9.463174287442307,2.5481672738653844,12.011341561307692,2.150843986022346,1.6462801460200158,1.0000103140034493,3.374513432286231,0.6290236613690462,-23.43115430317483,2.159919872471232,10.03251918422936,2.600261771832362,0,3,0,2,1,3,5.4683567285,13.35006905,-0.197920675,1.7812861205,0.0,0.5674521880616772,2,3,2,-3.1459810735,7.019799391666666,-3.8642415999999997,0.5315127375000002,0.794240137414146,0.36870718000000013,1,0,0,52,bricks
5.3047851057325328,3.2869083775427601,1.1846380121060753,8.3184144496,3.33991158175,4.357447246333333,1.6100500801245923,2.4758535813765934,0.5353312348413796,278.57391230895433,5224.510862985455,375.37704245048093,0.37334364636870976,-0.0,0.010695890293454535,0.22892251001923072,9.858217606250001,-2.456450949192307,-9.401477601019229,2.654801343980769,12.056278944999999,2.303211910730867,1.8129832810985214,1.0884107736080506,3.5743221791740587,0.6002215627539237,-23.909639880995634,2.314560567651241,10.023540429894034,2.6867804670076536,0,4,0,3,1,2,5.053361813333333,13.35006905,-0.10055646299999998,1.5683627518165786,0.0,0.579396814,3,4,2,-3.1954611936666666,6.813898086749999,-4.2568907735,0.4395836188939615,0.7747897063131967,0.023941993499999814,0,0,0,52,bricks
4.8622168008838438,4.0723840082279077,1.3190352416613442,8.626787710399999,1.4882357598,4.149949749,1.317824237788618,1.6633078970509603,0.47501562633093414,277.836889132871,5362.4940447180825,366.4350811398157,0.5297317102616227,-0.0,0.01097497079489255,0.6933976476923074,9.95251231936539,-2.3932808530961536,-9.044189021442305,3.0369527745384612,12.081141795980766,2.2050434918349895,2.018014868188019,1.148492595388122,8.026100126551988,-0.6594342320152493,-23.05416777450462,2.311496722625639,10.155042366989301,2.6545863111712897,0,2,0,3,1,2,5.417280515333334,12.09550667,-0.10055646299999998,1.3153697277262224,0.0,0.579396814,3,5,2,-3.003925085,6.255570221,-4.5250413415,0.2862736737763004,0.6594909155302783,0.2442085745,1,0,0,52,bricks
5.3142353033674121,3.9691246896159424,1.3180410302303056,8.219636610857142,0.6943185324999999,3.2312147167999994,1.3106558057091082,0.5538218409123181,1.2155921977331945,292.88772529374614,5277.750804558043,384.9070797444057,0.5224158784265255,-0.0,-0.0,0.564110762423077,9.875529509365386,-2.4665802633653846,-9.11435752923077,2.95628660273077,12.07064413196154,2.305262523741583,1.992266219564028,1.148059680604761,6.674436385905137,-0.25824185104723396,-23.566661925871877,2.373279641266271,10.074483003110506,2.7206725686590727,0,2,0,4,0,3,5.023035288,9.8880529405,-0.42137950166666666,1.3281325379227982,0.0,0.21112460565456492,4,5,3,-2.97599273925,6.255570221,-4.322332223,0.25259673402545685,0.6594909155302783,0.34919983584232783,0,0,0,52,bricks
5.3012155326375279,3.7797574291492717,1.2556676210340227,8.31745684175,0.4181872999999999,3.2720757521666664,1.3009219694624745,0.3224350245359042,1.1596199571779409,302.6966688399809,5277.744384162323,354.9459142510471,0.5305841478725849,-0.0,-0.0,0.7210230597884617,9.885106316153845,-2.3601303661730766,-9.030192141538462,2.9200052331730766,11.950197374711538,2.3024368683283214,1.94415982603007,1.120565759352847,8.108456936977392,-0.5599020582804316,-22.434970009389914,2.4126934710783807,10.074476875293026,2.6126390807699185,0,3,0,3,0,3,5.417280515333334,9.8497457505,-0.7437986533333333,1.3153697277262224,0.0,0.29281997852626573,2,4,4,-3.1986534595,5.961562276,-4.45800364,0.09576797450000019,0.3338517275200039,0.3829824985382429,0,0,0,52,bricks
3.8844293238092318,3.3815521709717897,1.1879779691484282,6.171294403399999,3.099693140666666,3.369120693,2.7820491404607566,3.712544272582159,1.2944697094500328,229.07905465701717,5320.091502443453,327.87616360636866,0.5246075686680763,-0.0,-0.0,0.7217597328076925,9.946250539730768,-2.2621522648653842,-9.101281504692308,2.8839080330384617,11.985189537730768,1.9708955639021646,1.838899717486462,1.0899440211077027,7.092800763049232,-0.9737528959383008,-21.870976010532956,2.0988964804658337,10.114813491610532,2.5110378011061516,0,3,0,3,1,3,4.280832767666667,13.77144814,-0.667184214,0.3853003931511038,0.0,0.19569416132300982,3,3,3,-3.169923067333334,5.979119777666667,-4.517060597666667,0.2585146005159042,0.3838961289615824,0.42616494684580813,0,0,0,52,bricks
3.760629514012559,3.2829773070930193,1.2373544057226225,6.171294403399999,4.596867325,3.4221123156666664,2.7820491404607566,3.734954598,1.187609819876577,217.26998606927754,5367.105360441995,329.4048722573343,0.5297733867506493,-0.0,-0.0,0.6462502989230768,9.996528763365387,-2.2577321976153844,-9.141430407557692,2.9128226253269225,12.054253032884613,1.9392342597047318,1.8118988125977178,1.1123643313782685,6.332088278523793,-0.9719750378123758,-22.103322385697354,2.0440814472204196,10.159407690603054,2.5168847970997437,0,49,0,3,1,3,4.280832767666667,13.77144814,-0.667184214,0.3853003931511038,0.0,0.19569416132300982,3,2,4,-3.169923067333334,5.8705825805,-4.53461802,0.2585146005159042,0.4309563635,0.3703204162303787,1,0,0,52,bricks
3.3189097143252826,2.2367068195564728,1.2046173600679135,5.329493016,8.331821923,3.288036982,2.822092667648156,0.0,1.3609252374799545,191.62796565895266,5319.21128611707,324.1254646449161,0.5291221231705675,-0.0,-0.0,0.6051805279615384,10.002790506326924,-2.242446131423077,-9.294843475423077,2.774511423480769,12.069354898903846,1.8217875052610504,1.495562375682296,1.0975506184536155,6.080340538452031,-0.989275729456562,-21.936007189421563,1.9196752813299152,10.113976702218592,2.49663413667326,0,3,0,2,1,3,4.30956316,13.77144814,-0.6959146263333333,0.4692635540000001,0.0,0.2016948161252627,3,1,4,-2.7453512749999995,5.439626217,-4.400542736,0.6958999535422382,0.0,0.35797916117110223,1,0,0,52,bricks
2.9138339182644604,1.4720047686817628,1.0064406509774486,6.065311034333334,2.628833533,3.741339117166667,0.9343264119889793,2.609679938,0.40925837863754383,165.88570071020553,5326.492127543413,313.17640797717104,0.5305849344554576,-0.0,-0.0,0.5256193592115385,10.047912029153848,-2.239683589115385,-9.364459536192308,2.731968294211539,12.096427830403846,1.7069955823798904,1.2132620362814304,1.0032151568718692,5.239052533402604,-0.9533198304625375,-22.516797439520776,1.7860877999254148,10.120896250545025,2.4541033454869456,0,4,0,2,1,4,3.5913026329999997,11.82735634,-0.71347209825,0.2489969729999999,0.0,0.17730029215758855,2,2,3,-2.6719290615,6.579266071499999,-4.494714578,0.8427589535,0.009576797499999845,0.34638696786652984,0,0,0,52,bricks
2.6526091124547708,1.7018731968697693,0.97122243897085891,5.02235116257143,3.9743747724,3.0135018526666664,0.649789981896023,2.01205042873028,1.1179140743383034,144.69058682888266,5319.601787324869,326.6195680729701,0.5073131116851121,-0.0,-0.0,0.3604194399807694,10.029863467403848,-2.3043270386153845,-9.530764495519232,2.583527791211538,12.114292286730771,1.6286832449726898,1.304558621476923,0.9855061841362838,3.196321595422781,-0.8717091353760403,-23.367237587785375,1.6680861144349899,10.11434794594452,2.506221366891761,0,6,0,4,3,3,3.2154129145,12.121045113333333,-0.8108362953333333,0.5012694797004444,0.35613486254212656,0.06320372328821272,4,3,4,-1.76452666525,6.930415789333334,-4.141968906,0.39505782278718604,0.49666225147051735,0.3243767510604736,0,0,0,52,bricks
2.277860974265725,1.8431918797816234,1.050377443461664,5.2265423535,3.4699962936666666,2.458047072,0.5281318812568375,2.155367877843945,1.4297231105247472,119.05443685039484,5328.295181810239,358.6854149525906,0.31012470492413613,-0.0,-0.0,0.10792324449999996,10.031152633423078,-2.418143709115384,-9.79007494625,2.413907816076924,12.203982762326923,1.5092584186499423,1.357642029322024,1.024879233598605,0.77315586438328,-0.3537050608536194,-24.65218030715636,1.5131121574322017,10.122609102144189,2.6263656336077763,0,5,0,3,4,2,3.045424540666667,12.00931573,-0.766144514,0.3480305868232865,0.3641076702550569,0.0,2,3,5,-2.1068975329999997,6.930415789333334,-4.123772955,0.2777274249999999,0.49666225147051735,0.29240484235733233,0,0,0,52,bricks
2.1924737175805138,1.461344199716998,0.97613440431964582,5.3783347604,3.885789274,2.4489262955714284,0.6277770461451957,1.7388877468857928,1.270895843802478,114.58570552620726,5301.524641760237,356.5873407612926,0.308503167091693,-0.0,-0.0,0.10534487428846148,10.024522570038464,-2.4251421518076923,-9.78289236321154,2.4547934187692313,12.237685781980769,1.4807004145270284,1.2088607031899903,0.9879951438745261,0.9392962354690202,-0.2673534304769775,-24.694806870786678,1.4844430807947357,10.097147961524955,2.618673110717352,0,5,0,3,3,3,3.0071173506666664,12.066776593333335,-0.7693367996666667,0.4018456843801536,0.40381890792175174,0.004514573684769234,3,2,5,-2.3590867916666665,7.1012022495,-3.9494750977999997,0.422635216356974,0.5315129755000001,0.21316521396968285,0,0,0,52,bricks
2.1145788176010765,1.1149380048289685,0.88707687756003506,5.64552769025,2.9745561587999996,2.1718069447777775,0.34519702848669626,1.532152715044093,1.1377810006016933,110.11577990847988,5241.164405585096,369.00246574096707,0.21082818619054822,-0.0,-0.0,0.05506663676923075,9.983821171250003,-2.491811466923077,-9.765396313788461,2.443743260673078,12.209139574461542,1.4541591445234172,1.0559062481247887,0.9418475872241938,0.18699503506160967,-0.1539969410078353,-25.253756641058292,1.4552014128931265,10.039503134335318,2.6638696034621088,0,5,0,2,3,5,3.2896331544999997,11.808203060000002,-1.0553641200000001,0.05267250550000013,0.5825867698234725,0.32444889642918334,3,3,5,-2.3463177283333336,7.958326657666667,-3.9494750977999997,0.43872508869699584,0.3231611835560397,0.21316521396968285,1,0,0,52,bricks
1.9525168084783604,1.0916421587872165,0.85904102722794018,5.8610057824999995,2.9951462729999996,2.4165475633333333,0.23942017549999983,1.712379970613236,1.0742257434121874,102.14068149773041,5199.873272314662,355.0207569301199,0.32796953883651825,-0.0,-0.0,0.10829158082692301,9.945145588192311,-2.443006594634616,-9.647712079442305,2.4929164884615385,12.140628567903848,1.397324875781706,1.0448168063288492,0.9268446618651586,0.7844808958271552,-0.13066598408817065,-24.72950013806838,1.4015148500662968,9.999878145713984,2.6129145123130537,0,3,0,1,2,4,3.236960649,12.066776749999999,-1.015141532,0.0,0.5554547300000001,0.18396446554642246,2,3,6,-2.6240451335,7.958326657666667,-3.9823554756666666,0.23942017550000005,0.3231611835560397,0.2821729554198511,1,0,0,52,bricks
1.4870411287631218,1.1315715760550786,0.93550252622939645,0.0,3.8402996051999994,2.3487118333749994,0.0,0.7710133207570912,1.1210668534725439,77.41150439854351,5310.329439218043,348.64975639941366,0.19039781319242308,-0.0,-0.0,0.04051725721153844,10.049385474192308,-2.401936818788461,-9.771289742423077,2.4096719248461542,12.180961667269234,1.2194429583884283,1.0637535316298972,0.967213795512345,0.2389481560353984,0.0717054375068209,-24.57354895012306,1.2201158866661264,10.10552917886849,2.5893634367699394,0,2,0,0,3,3,0.08619125899999999,11.849702516666667,-0.9225657186666666,0.0,0.552990820304434,0.10412864441511006,1,3,6,-2.863465309,8.028556505666666,-3.9823554756666666,0.0,0.24181326852216684,0.2821729554198511,0,0,0,52,bricks
1.233423428486188,1.057005458395109,0.84935122322766088,3.5584677968571428,3.4312332719999996,2.3965958954999995,0.5375909457566058,0.38839563424482293,1.055913470611811,69.17547723131665,5247.526235395392,316.10524781663327,0.5288375409197416,-0.0,-0.0,0.31124622178846156,9.992845470980768,-2.2868309623076923,-9.522108574461537,2.516121817673077,12.038230392134615,1.110595978961831,1.0281077075847205,0.9216025299594511,3.0933695250714184,-0.5466598106968943,-23.18000123290805,1.1533852951480612,10.045594360977153,2.4655520828805844,0,0,0,4,4,2,2.2481554150000003,11.6621568225,-0.9959878925,0.3986399373476045,0.4024752181546732,0.009576797499999956,4,4,3,-1.4365210235,8.264784336,-3.9903361003333333,0.4257642122446459,0.26453505124214505,0.30738752377994966,1,0,0,52,bricks
1.1851524285209469,1.2533782263910032,0.85326351175763648,3.4691982567500004,2.219425084,2.5546131955,0.4342358140720266,1.4805908917926724,1.1406530057131747,68.41048083600069,5331.687710348336,288.9153523012864,0.5299514771469582,-0.0,-0.0,0.36115611776923084,10.063750679634612,-2.1685942348846154,-9.502402468096152,2.4608710096538453,11.963273477750002,1.0886470633409833,1.1195437581403431,0.9237226378938846,3.6196702934900005,-0.6652140770101176,-22.262727265717334,1.1469900478744746,10.12583112481327,2.3571305579734925,0,1,0,5,2,2,2.1969194888000003,11.956643585,-0.699106887,0.37098722384078,0.38786077500000005,0.287304208,4,3,3,-1.23780226725,8.009402752,-3.9903361003333333,0.1023363542702271,0.4066355303452348,0.30738752377994966,0,0,0,52,bricks
1.1740553173137369,1.2756016158925712,0.93892660818257767,2.970406214333334,2.219425084,3.090116361833333,1.2986307234560226,1.4805908917926724,1.2057229825283236,65.47623499989653,5385.210045013338,274.7959747128815,0.5264430759606222,-0.0,-0.0,0.29172426719230765,10.113660564749997,-2.0846130017499997,-9.584173658423074,2.3634454124230766,11.947619070846152,1.0835383321847625,1.1294253476403704,0.968982253801677,2.9022561414461707,-0.42590081714312006,-21.577584457562523,1.1221222595522402,10.176528466764678,2.298812296654018,0,1,0,3,2,3,2.288856824,11.956643585,-0.734221846,0.4530547951624192,0.38786077500000005,0.2397816909485547,4,3,4,-1.23780226725,8.009402752,-4.185064554249999,0.1023363542702271,0.4066355303452348,0.4296775879959332,1,0,0,52,bricks
1.1949810457748806,1.3645704526527132,0.97706467506267469,3.3122070345714287,3.072786877571428,3.4750127534285715,1.4106071111833818,1.640023881908431,0.5019884033562186,65.17504241574234,5338.240762372877,265.7376273629142,0.5074933444942392,-0.0,-0.0,0.24163020201923086,10.064487356384614,-2.033045575653846,-9.63629359948077,2.24465617226923,11.88094977175,1.093151885958617,1.168148300796056,0.9884658188640997,2.442863371291224,-0.22152578564701622,-20.960760706175407,1.1195383871501392,10.132051924436555,2.260605889523504,0,1,0,3,4,4,2.2856645583333335,12.0548057575,-0.79726915825,0.44962285802555624,0.585493573489208,0.23461955423932201,5,4,4,-1.4729128837999999,8.14507424825,-4.18267035475,0.30498183319760297,0.4233610818066582,0.43209213973245364,0,0,0,52,bricks
1.5534650118610966,1.7352662549010915,0.91199724207046617,0.0,3.1731153069999993,3.4644098651249995,0.0,1.4745034818251486,0.5223257757420595,82.73584741243809,5378.743127154437,267.4067528036678,0.46245238656328114,-0.0,-0.0,0.193930340173077,10.084745984653846,-2.056803420807692,-9.612167396346155,2.2901460026923077,11.902313399038464,1.2463807652002246,1.3172950523330345,0.9549854669420191,1.9532133265159746,-0.5864201223062188,-21.249896444947563,1.2613778136231595,10.170416305633362,2.2676943255025996,0,47,0,1,5,5,2.767697096,12.114660836,-0.658884305,0.0,0.537189632594203,0.3376907588514266,0,5,4,0.2585737855,8.1900853156,-4.043806672,0.0,0.3892193073406664,0.42118228239212213,0,0,0,52,bricks
2.9293032988043044,3.7464341639640368,0.95842359242006536,9.777919769,10.601524825,3.510583758,0.0,0.0,0.3895454796419211,153.0105352022273,5460.748296508177,297.59243587147085,0.3094559504015687,-0.0,-0.0,0.11492168440384615,10.063198107634616,-2.182775267096154,-9.780866473076925,2.2326851687884615,12.013551641865384,1.7115207561710448,1.9355707592242752,0.9789911094693686,2.569451588229517,0.3944371798219952,-22.093979809225328,1.7153746798733278,10.247652917496032,2.392264922425347,0,3,0,1,1,4,5.659893036,15.08347034,-0.71586631275,0.0,0.0,0.34783557378428737,1,1,4,-4.118026733,4.481945515,-4.237737,0.0,0.0,0.4389950340582369,1,0,0,52,bricks
3.380763507552067,3.8326144605766093,1.5931604074772154,9.227253437,0.0,4.544194816999999,0.5506663320000005,0.0,0.10055661199999966,175.86954884466746,5599.4548797185,362.0585195108287,0.13626398927975536,-0.0,0.03597217632246106,0.036649706673076904,10.190643264750001,-2.3172188997307694,-9.89044720353846,2.278174996788462,12.16862220032692,1.838685266039859,1.957706428598683,1.2622045822596335,1.9522239502252745,0.8458031096229465,-23.37696989398887,1.8390504910282612,10.376985333417947,2.638686005713202,0,4,0,1,0,1,5.659893036,10.0173397045,-0.124498487,0.0,0.0,0.0,2,1,2,-3.567360401,4.481945515,-4.668693304,0.5506663319999998,0.0,0.10055661199999966,0,0,0,52,bricks
4.0645248994638772,4.0183103912125313,1.5502959559290952,8.430782318,10.28549051,4.443638205,1.2128017533523139,0.31603431499999957,0.0,212.06872644211842,5446.782373980947,385.84018298792876,0.27837942820329153,-0.0,0.034462245320946085,0.11713171990384613,10.036309306365386,-2.4227479363461537,-9.763001969634617,2.4932848083846157,12.256286778019229,2.016066690232215,2.00457237115863,1.2451088128870884,2.540180305431079,0.646927442294061,-23.938191061012063,2.0194664491571803,10.234540286903412,2.723968340307692,0,5,0,2,2,1,4.7405195235,14.767436025,-0.124498487,0.9193735124999998,0.31603431499999957,0.0,2,1,1,-3.567360401,4.481945515,-4.568136692,0.5506663319999998,0.0,0.0,1,0,0,52,bricks
4.4956777488949005,4.8766583320629779,1.5198217059771073,8.348581433,9.43315474,4.443638205,1.0599231227712627,1.2326952807356726,0.0,237.64379326698904,5565.880676834159,392.90069669628014,0.42204829074205225,-0.0,0.03400144636293893,0.2727548323076923,10.107398702442309,-2.456819269461538,-9.639056001288461,2.6700873985384628,12.309143399826924,2.1203013344557657,2.208315722912595,1.2328104906988369,4.0727135847584535,0.29410954668945005,-24.195085496963376,2.13777289426218,10.34582847635681,2.748778388443607,0,5,0,2,2,1,4.7405195235,14.767436025,-0.124498487,0.9193735124999998,0.31603431499999957,0.0,3,2,1,-3.805184523,5.6024320125,-4.568136692,0.5614946412410046,1.1204864975000004,0.0,0,0,0,52,bricks
4.3985898541604538,5.3025033828532129,1.536113765741955,8.348581433,8.8561520575,6.129156232000001,1.0599231227712627,1.4623438474577681,0.0,231.26224766587558,5509.13999190356,424.0445313301812,0.3855017767151462,-0.0,0.03252287556691936,0.22081907184615387,10.032073387961535,-2.5726618044038454,-9.654526183711537,2.7478068754423077,12.402333059153845,2.097281539078732,2.302716522469323,1.2394005671057096,3.526353595314485,0.324047525127697,-25.16056636704756,2.1088743245275308,10.292958750733401,2.8556439773859075,0,5,0,2,3,1,4.7405195235,14.46097819,1.56101954,0.9193735124999998,0.5043985872014191,0.0,3,2,1,-3.805184523,5.6024320125,-4.568136692,0.5614946412410046,1.1204864975000004,0.0,0,0,0,52,bricks
3.9921377120238195,4.7886970587241562,1.4942760507472257,7.872135320999999,8.695740221666666,0.0,0.7680575788011686,1.438881356275558,0.0,212.76062652511638,5417.485737373501,441.6080898434164,0.46078396871212907,-0.0,0.0316583327225209,0.31529795126923077,9.969639961788461,-2.6454087048076946,-9.473119370057692,2.7380458944615396,12.211165264519233,1.9980334611872295,2.1883091780468678,1.2224058453505633,3.7666016510020333,-0.9245654234042474,-26.497744460747178,2.0227581442422604,10.206978888310372,2.914183121600209,0,5,0,2,2,1,4.7405195235,14.465766429999999,1.56101954,0.9193735124999998,0.6177039100000004,0.0,2,2,0,-3.6487634179999997,5.6024320125,-2.7006595134999998,0.6320693489999998,1.1204864975000004,0.0,1,0,0,52,bricks
2.8819178898618749,3.1762805662462941,1.4809340287490178,7.4076602455,7.4268136049999995,0.0,0.6943185324999996,0.3016695950000008,0.0,158.41182953532183,5392.045335313357,430.60125357842287,0.5196133071025325,-0.0,0.032101203397009746,0.4055409317884616,10.025811635923077,-2.607653985730771,-9.394479061826923,2.9398955141538465,12.334374575980767,1.6976212445247836,1.7822122674491652,1.2169363289626198,3.7775069322060157,-0.77806084241772,-26.2463212949246,1.7453885920383834,10.18298480433202,2.877636762700704,0,3,0,1,2,1,3.821146011,14.149732114999999,1.56101954,0.0,0.3016695950000008,0.0,2,1,0,-3.5865142345,6.72291851,-2.671929121,0.6943185324999999,0.0,0.0,0,0,0,52,bricks
2.3081620305841173,2.971276037869925,0.8505106790654765,6.6654577249999996,3.9858668339999994,2.1452045677999996,0.0,2.5848251993723697,1.2488831384589065,124.5509317965311,5286.381628245314,388.9847356178694,0.4941123275033185,-0.0,-0.0,0.2950393130961537,9.934279496807694,-2.5748718426153845,-9.389138196788458,2.8400757195000006,12.229213916288463,1.5192636474898351,1.7237389703403254,0.9222313587519546,2.755044358594695,-0.6140669701700747,-25.506438779848324,1.5476466737780845,10.082717151569987,2.7350458286761894,0,1,0,1,3,3,2.384624958,12.72757594,-1.1492168106666667,0.0,0.7934700215460286,0.40085543873597906,1,3,3,-4.280832767,6.815494219333334,-4.172295411333333,0.0,0.578443887806251,0.3190032527107971,1,0,0,52,bricks
2.3858115974177947,2.4703673077354553,0.80897888982599642,8.130709171,4.7692497258,2.009213996,0.0,1.756742705857235,1.1229213492477972,126.53473267595764,5255.7687571586775,363.74929222858236,0.4476239110561444,-0.0,-0.0,0.21805652099999998,9.92985945476923,-2.487207230384615,-9.582331874730768,2.6290176365192295,12.211349511249997,1.5446072631636154,1.5717402163638414,0.8994325376736136,2.3653357152776464,-0.3162235287217522,-24.655633745360554,1.5599231531612123,10.053480795187573,2.6448400134419296,0,2,0,1,2,3,3.438073635,12.75151825,-0.9832188286666667,0.0,0.53151321,0.25135951999731243,1,4,3,-4.692635536,7.328651428250001,-4.0414124330000005,0.0,0.6899413651707708,0.3875944733556413,0,0,0,52,bricks
2.5094850706085814,2.164995193622715,0.91063001999425675,7.57525444,4.9655739115,2.57616092,0.0,0.6117359989085062,1.1691551177604593,130.50022401456687,5319.69810204504,360.7993631059483,0.062022381185984736,-0.0,-0.0,-0.011602671211538474,10.006842228403846,-2.455161760557692,-9.813648567826922,2.3612353815576927,12.174883949384618,1.5841354331649113,1.4713922636818215,0.9542693644848171,0.1480866171524165,0.11216772163211809,-24.724199665563955,1.584177923273716,10.114439508830392,2.6340936373825063,0,4,0,1,2,3,2.882618904,12.200851445000001,-1.0885637003333333,0.0,0.01915359499999969,0.10673834105666652,1,3,3,-4.692635536,7.125144322666667,-4.118026813,0.0,0.6848587799003909,0.35602023928370596,0,0,0,52,bricks
2.4856733021852273,1.6531491157875853,0.77601188524022602,4.5106762645,4.1116423635,2.4880543474,3.0645781755000003,1.603246742595269,1.1208121158864977,129.25509813758802,5324.3707172254035,340.5402924534327,0.010155879434137356,-0.0,-0.0,0.0012891854615384361,10.036861832576923,-2.4026734885769234,-9.88989467719231,2.2938293929230777,12.183724070115385,1.5766018210649217,1.2857484652091111,0.8809153678079558,0.4107854868329039,0.1087707283955742,-24.263374697954568,1.5766023481475544,10.118880598269106,2.5590724448421986,0,4,0,1,4,2,2.882618904,12.385205272499999,-1.029506713,0.0,0.5416347290129913,0.08140286800000002,2,3,4,-3.9695864915000003,7.843404611,-4.06056600825,0.7230490445,0.33367972548608915,0.32398771632929746,0,0,0,52,bricks
2.1490491210137739,1.4536031570361132,0.59585631840817244,4.151546001,3.854664805166666,2.090936124666667,2.7054479120000003,1.6315717284522522,1.3435281355690212,112.41765027231088,5258.201236760051,324.7639882498538,0.3269966441374294,-0.0,-0.0,-0.11326415513461535,9.983268572769228,-2.376889773230769,-9.94698720392308,2.219793310269231,12.16678051419231,1.4659635469593961,1.2056546591110213,0.7719173002389391,-0.5256957829857721,0.39987310816627636,-23.939424199708295,1.4703325779741576,10.055807006554865,2.4990920976421,0,4,0,1,4,4,2.164358377,12.473790887500002,-0.9648632852499999,0.0,0.5363223702582713,0.3638792917095821,2,3,3,-3.9695864915000003,8.226476987333333,-3.8849912486666667,0.7230490445,0.4382369513876434,0.12904031268838637,1,0,0,52,bricks
2.128609825590011,1.3169181853212648,0.57189147965531106,4.635174671666666,4.8674120940000005,2.46363353775,2.3124501404091697,0.47147494223152525,1.2570152101682606,117.0548641472122,5239.436055481352,337.9402564776442,0.5194801509871266,-0.0,-0.0,-0.34992178292307685,9.972034270749997,-2.4345347823461543,-10.160255351115383,2.0120502705000005,12.172305621615386,1.4589756082916574,1.1475705578835949,0.7562350690462001,-2.867335470291359,1.0204606667224905,-24.464428684347954,1.5003516520316416,10.037847661841345,2.5492844262868255,0,5,0,2,3,2,2.2601264715,12.724383993333333,-0.6655880510000001,0.0957680944999999,0.3637782672010728,0.282515794,2,2,3,-3.9695864915000003,7.9822683335,-3.8849912486666667,0.7230490445,0.3303995135000002,0.12904031268838637,0,0,0,52,bricks
2.003054992423849,1.1090923106532946,0.564335822338079,4.01747041925,4.587290768,3.193865091,1.7968000819282346,0.32561111500000006,0.20811660740372911,104.1790528186826,5220.2284544130325,330.8691962900223,0.10049949013183888,-0.0,-0.0,-0.01970611611538473,9.96393077194231,-2.4080143971923076,-9.798915023865383,2.3411609245192313,12.140075948384615,1.415293253154218,1.0531345168843793,0.7512228845942321,0.19195124414608847,0.08609412982154255,-24.251942040664435,1.415430437512279,10.019431557663943,2.5224728263003175,0,4,0,2,2,2,2.2984336615,12.899958615,-0.6655880510000001,0.057460904499999854,0.32561111500000006,0.282515794,3,1,3,-2.7613125640000002,8.312667847,-3.849876324666667,0.3873841820870988,0.0,0.17414691054636464,1,0,0,52,bricks
2.0331761197192644,0.97821410333912162,0.64865782628892021,5.455587545666667,3.6640865342,2.5841416915,0.37601082093275806,0.6881081634297452,1.1043185637109065,106.27236126101094,5126.38566793866,338.25933211615,0.3025113342302183,-0.0,-0.0,-0.10258233425000007,9.879581249461541,-2.419985398673078,-9.790995795846154,2.3238489903846156,12.114844786230773,1.4258948487596355,0.989047068313294,0.8053929638933534,-0.7870877187222953,0.3116183572974848,-24.23852521996121,1.4295800974480035,9.928964687622326,2.5504876310383886,0,48,0,2,3,4,2.7006595134999998,11.763511023333331,-0.88346044725,0.4596867564999998,0.5885562272501143,0.3365791481283756,2,3,3,-2.9927520750000003,8.175400416,-3.8881835143333334,0.25378537200000006,0.20093532101150358,0.21894392437449345,1,0,0,52,bricks
1.7768567558492654,1.1061104992422981,0.8256674797910506,4.483860922,0.0,0.0,0.8629845550793422,0.0,0.0,92.4035516470129,5164.496997968042,369.59062927889255,0.0703509769326557,-0.0,-0.0,-0.011602671153846257,9.910153352076922,-2.5063608323076925,-9.76815877607692,2.3337941421346153,12.101952918211538,1.332987905364961,1.0517178800620905,0.9086624674713106,-0.05731147194948572,0.14997028442992197,-24.68589798636464,1.3330384007323908,9.965804029827385,2.6659917669634994,0,1,0,3,0,1,2.3016258876666664,9.878476143,-0.804451764,0.6072195923695832,0.0,0.0,3,1,0,-2.0622057120000004,7.891288757,-2.4660277365,0.49666203633530603,0.0,0.0,1,0,0,52,bricks
2.1621877729486849,1.4964222972857306,1.0641347209615146,5.82269853375,0.0,0.0,0.6262016581510946,0.0,0.0,112.6305215965617,5184.793220861113,381.46307550827476,0.2226949578826052,-0.0,0.014832636274253037,-0.061512569576923144,9.910153361192307,-2.5043349724423076,-9.839063993346155,2.343370950365384,12.182434943711542,1.4704379527707672,1.2232834084077697,1.0315690577763155,-0.4141259492057599,0.3031770356130695,-23.563719894570546,1.4717240125664328,9.985367391320008,2.7084734399951444,0,4,0,2,0,1,3.423708439,9.974244117000001,-0.804451764,0.2633621690000001,0.0,0.0,3,0,0,-2.5697764953333335,9.974244117000001,-2.499546528,0.5031445743404281,0.0,0.0,1,0,0,52,bricks
3.1301597435469879,2.5214684631438451,1.3392939422706753,6.83784013975,4.601655723999999,5.68862313,0.7034228075604491,3.7493197939999994,0.0,162.79003787914965,5244.55137273188,389.04306297800457,0.08908050082337711,-0.0,0.01498561439082782,0.02044279763461539,9.916415113576925,-2.478367087961538,-9.667786483442306,2.5076500155192316,12.175436498961538,1.7692257469150134,1.5879132416929602,1.1572786796060297,0.6743767533506931,0.5808325418629231,-25.02133231392795,1.7693438477362498,10.04274649525321,2.735250877883349,0,48,0,2,1,1,3.38061285,13.9246769,-0.804451764,0.3064577580000001,0.0,0.0,3,2,1,-3.581725756333333,5.999869347000001,-6.493074894,0.9584465042410398,0.42616796499999987,0.0,0,0,0,52,bricks
3.1529322527131325,2.9961809219302515,1.5761626160354463,6.975107749333333,5.6152009986666656,5.68862313,0.7644400619835473,3.3802584703024894,0.0,164.16484903283302,5310.726071037349,389.1373456084906,0.19968131571781014,-0.0,0.015276135721883029,0.06390676678846152,9.956563995576923,-2.4304830541346147,-9.749005135826922,2.403041817038461,12.152046952865387,1.7756498113966988,1.730947983600389,1.2554531516689287,1.3036613542810032,0.6775956318295207,-24.441062345668225,1.776799461828624,10.105906565961757,2.7355822949549466,0,3,0,2,2,1,3.38061285,13.99650288,-0.804451764,0.3064577580000001,0.07182597999999984,0.0,2,2,1,-4.003105283,5.999869347000001,-6.493074894,0.9193733929999999,0.42616796499999987,0.0,0,0,0,52,bricks
2.815713540698054,3.0523512680630991,1.5213470761406165,6.975107749333333,5.6886232396,4.086104194333333,0.7644400619835473,2.6766102892484573,1.4062878311020552,146.44124815103348,5395.207014192302,383.5464780440238,0.09683520831568684,-0.0,0.0153436366728737,-0.02154781567307692,10.035020168096155,-2.419617063173077,-9.870925270230769,2.395306707461538,12.266231977692312,1.678008802330326,1.7470979560583026,1.2334289911221548,0.4139972182810059,0.8601600898711824,-24.446872250895016,1.678147147617972,10.185969813530749,2.7158596813051523,0,3,0,2,3,1,3.38061285,13.44264444,0.679953277,0.3064577580000001,0.7854665221300694,0.0,2,3,3,-4.003105283,6.467536767666668,-5.098053455333333,0.9193733929999999,0.7473319581244914,0.9864368672211774,1,0,0,52,bricks
2.8776305289056738,3.5643581412111933,1.6925929744464479,6.975107749333333,5.541778963666666,7.173028171,0.7644400619835473,2.4653637474615215,0.0,154.07892453594496,5367.578052918849,443.90876745789143,0.47566309608123625,-0.0,0.014208232694977728,0.2922767732307692,9.982900215999999,-2.6161257790961536,-9.47625030007692,2.8581243185384624,12.334374618615385,1.6963580190825507,1.88795077828083,1.3009969156175762,3.4135560702148213,0.04297917246314347,-26.276970259237864,1.721353026277836,10.159855061162244,2.9217643755953193,0,2,0,2,3,1,3.38061285,13.44264444,0.679953277,0.3064577580000001,0.7854665221300694,0.0,2,4,1,-4.003105283,6.732495069750001,-6.493074894,0.9193733929999999,0.7934024812503984,0.0,0,0,0,52,bricks
2.6416868623760972,2.9961232508210434,1.2022055390008064,7.077260375,4.8305414213999995,2.5843696681428567,0.9193733929999999,2.5927272011804057,1.6014056698333239,147.8254133069568,5366.942536021659,423.48754712443184,0.5283982121651011,-0.0,-0.0,0.44845239142307697,10.010709771749998,-2.63472688373077,-9.27826822128846,3.0610789503461535,12.339347171634616,1.6253266940452609,1.730931324698078,1.0964513390939,4.9040995367329945,-0.33039880824263845,-26.044881304744912,1.6860594324486826,10.15925358404996,2.853767911175409,0,1,0,1,2,3,3.074155092,13.201628209999999,-0.9672575096666667,0.0,0.8667006499999994,0.4412265622157246,2,4,5,-4.003105283,6.919242859,-4.3842621804,0.9193733929999999,0.5489147373274299,0.21460603476334572,1,0,0,52,bricks
1.8166965880095984,2.5992383993664734,1.1561639063344638,5.2720320825,5.935704899599999,3.012589787,0.4277253323442439,1.0786797799531678,1.2612731653178462,105.99106973715112,5387.032893014487,410.42445399157907,0.528148144038917,-0.0,-0.0,0.4707368847115385,10.049753629057692,-2.595498806596154,-9.346779185192306,3.015957456365385,12.362736641557696,1.3478488743214492,1.6122153700317068,1.0752506248937796,5.416322090385805,-0.5477586187408234,-25.784473374583733,1.4276868713543325,10.178250655398733,2.809408827738769,0,0,0,3,3,3,2.777273973,13.187262853333332,-0.9672575096666667,0.5553447273453164,0.7079496719997842,0.4412265622157246,2,3,5,-2.3942016365,7.118759632333333,-4.478114891200001,0.37349545949999996,0.4924585401584006,0.22997115001466711,1,0,0,52,bricks
1.5457169978146665,2.0138824880989841,0.78684218059243805,5.181052447,5.003197533,2.8044082425000005,0.0,0.5407499214425581,1.256587731824092,84.40414853924997,5293.647707761349,408.580702833942,0.5111621536100491,-0.0,-0.0,0.2782799038076924,9.989346073134614,-2.659037237,-9.45912247553846,2.9065608552499995,12.365683330788459,1.2432686748304513,1.4191132752881228,0.8870412507839973,3.022549297443261,-0.43767566304258704,-26.565476187738696,1.2740316725568035,10.089644069884178,2.8030913663926533,0,0,0,1,4,4,3.16034627,12.469002484999999,-1.2018892765,0.0,0.4167285114915393,0.3662111349149865,1,4,3,-2.020706177,7.539341092,-4.529829661333333,0.0,0.23955177606546632,0.2853825857749557,0,0,0,52,bricks
1.5790234761872879,1.510785724386964,0.77290688222476933,5.784391404,4.9454628916,3.2337685430000005,0.0,0.6875745268750342,0.06741659583575701,84.15505056208207,5233.485444079642,413.9417347473221,0.4648429972098244,-0.0,-0.0,0.19835039898076928,9.956563921519232,-2.6809533926730755,-9.557653086288465,2.8463374753461537,12.403990561634611,1.2565920086437314,1.2291402378845806,0.8791512283019168,1.94612819811773,-0.3416233464228892,-26.935910434800682,1.272150288669982,10.032145874521829,2.8214212687775024,0,0,0,1,3,2,3.16034627,12.504117326666666,-1.4891934990000002,0.0,0.47642927599501256,0.052672445999999984,1,3,2,-2.624045134,7.5848309196666674,-4.7309427265,0.0,0.2612204181725724,0.02873039249999998,0,0,0,52,bricks
1.6003971886079855,1.6226654612365472,0.84409417362203543,3.438073755,4.9454628916,3.1771057845,2.346317649,0.6875745268750342,0.30901904717810974,83.90521798528371,5351.468712365605,390.6266233142438,0.36332229238689395,-0.0,-0.0,0.1147375079230769,10.064302975961539,-2.5822386169230764,-9.770552850769233,2.6170466240384624,12.387599474807693,1.2650680569076058,1.273838867846537,0.9187459788331244,1.1804788914122823,-0.08703950815913744,-26.373233943549867,1.270260557654367,10.144597569799645,2.7408120052916503,0,0,0,1,3,2,3.16034627,12.504117326666666,-1.3215993645,0.0,0.47642927599501256,0.22026658050000003,2,3,3,-2.078167081,7.5848309196666674,-4.430869420666667,0.545878053,0.2612204181725724,0.42501560918350584,0,0,0,52,bricks
1.2306537742184269,1.4702833722899449,0.77015733919331963,3.0310593845000002,3.125231105333333,2.311202725,0.9413039505565929,1.5909102441345273,1.0017216055579088,65.66379364874646,5332.562889116808,357.5993269544862,0.46794011250465867,-0.0,-0.0,-0.1791967864038462,10.053805396807691,-2.471184492211538,-10.064671385423079,2.220345825076923,12.285017210499998,1.1093483556658057,1.2125524204297087,0.8775860864857188,-1.788252976909571,0.7423748024754692,-25.233317901819063,1.1237282867650404,10.12666215142825,2.622386343340759,0,0,0,3,3,4,1.691902558,12.516886390000002,-1.2713210882500001,0.3714298122328188,0.4939873291668549,0.19062113050887655,4,1,3,-1.8986019492500001,7.929595947,-3.955221256,0.4544886498173557,0.0,0.21796449781258082,0,0,0,52,bricks
1.086343116542553,1.4672646591631135,1.0255648880251049,2.95444494525,3.779646077,2.878788209,1.0990924058034188,2.1620313498361625,1.1953850452403125,59.493559871559,5263.5018125358065,359.9013842715333,0.5158944536952589,-0.0,-0.0,-0.24034101619230772,9.987688623673078,-2.4280888737307693,-10.047543672903846,2.134338742769231,12.181882415673075,1.042277849972143,1.211307004505098,1.012701776450059,-2.552022124574783,0.993644556009725,-24.56050402166905,1.0696293379516588,10.06087415201143,2.630813651089765,0,0,0,2,2,3,1.465251446,12.756306644999999,-0.8970275719999999,0.229843378,0.440532685,0.26887170092183904,3,2,3,-2.033475319666667,7.527370214499999,-4.446830749666667,0.45016656868341354,0.40222573250000027,0.5932641106657079,0,0,0,52,bricks
1.0826008724669072,2.1754230999160682,1.0638525668455652,3.014299989,4.61841487825,2.951252718833333,1.1519941896057704,2.581161315819804,1.1031968838699704,60.07549309326803,5206.633237269227,333.426040116118,0.5241890200787926,-0.0,-0.0,-0.26962394484615393,9.897077303692308,-2.3126146817307687,-9.947908048903845,1.996948395423077,11.944856444326927,1.0404810774189541,1.474931557705668,1.0314322890260732,-2.9080571048778845,1.072939423236261,-23.082931102097838,1.0748478702129474,10.006376080039038,2.5322004725144245,0,0,0,2,2,3,1.9249382019999999,13.49850893,-0.8970275719999999,0.229843378,0.3016696000000003,0.26887170092183904,3,3,4,-2.033475319666667,7.335834026333333,-4.2928037645,0.45016656868341354,0.5146585744029805,0.5789168033764244,0,0,0,52,bricks
0.90496705115552523,2.7473468068386975,1.0282486121028109,2.2007502318,3.8996755586000007,2.951252718833333,1.4827717748167069,2.7196065577710824,1.1031968838699704,49.778990639668585,5218.759015977623,304.45301673710617,0.5147579164674788,-0.0,-0.0,-0.22873834478846156,9.879949569730769,-2.1969563250961532,-9.909785011980766,1.9486960285,11.858481040480767,0.9512975618362138,1.6575122342953301,1.0140259425196236,-2.6388481720809143,0.8266346465499823,-22.112317695338447,0.9784111004746882,10.018021277041784,2.4196829764419157,0,0,0,3,3,3,1.8323623736666665,13.940638223333332,-0.8970275719999999,0.2288213719407335,0.6720314891602718,0.26887170092183904,3,3,4,-1.5610195396666668,7.335834026333333,-4.2928037645,0.31675929321607715,0.5146585744029805,0.5789168033764244,0,0,0,52,bricks
0.87170373255534495,2.9418592976060336,0.9246625234669309,3.8450879455000004,3.586513995,3.0071174384000003,0.2537854315000001,2.9588805250900823,1.2015439601112992,49.92316725296139,5202.981361789949,284.8407231358724,0.5304419288265437,-0.0,-0.0,-0.2972493501346154,9.854718391865386,-2.1337862335961537,-9.97019258473077,1.8055964287115378,11.775789013442305,0.9336507551302815,1.71518491644663,0.961593741382987,-3.392503961517509,0.9332906421619048,-21.44853407472219,0.979826978966591,10.002866283249812,2.340450002489135,0,0,0,2,3,3,1.9009961485,13.940638223333332,-0.8682971396666668,0.2537854314999999,0.6720314891602718,0.24940591994436845,1,2,3,-1.944091797,6.9814922809999995,-4.446830749666667,0.0,0.14365220099999965,0.5932641106657079,1,0,0,52,bricks
1.1274809271428929,3.3895303003194446,1.05093563601581,4.007893681500001,6.8426284815,4.237737179,0.09097969550000017,0.11970996850000004,0.4932055470000001,60.42465304291113,5247.611915236141,252.48771639007975,0.46382824748867363,-0.0,-0.0,-0.18582688549999998,9.875529527788462,-1.9505377134230766,-9.858217603346153,1.745741383788462,11.603958987134611,1.0618290479841341,1.84106770660925,1.0251515185648459,-2.0528725280638125,0.9007423180300888,-19.480302300989784,1.0779668633671087,10.04567637118284,2.203527401123375,0,0,0,1,1,1,2.15478158,13.80017853,-0.517147541,0.0,0.0,0.0,2,2,2,-1.8531121015,6.9575500485,-4.75488472,0.09097969549999996,0.11970996850000004,0.4932055470000001,1,0,0,52,bricks
1.0953355494278392,3.6281608035694708,1.0034108753314266,4.0366240145,4.412513615,4.730942726,0.9050082564999997,2.4346419412172997,0.0,58.86879569607963,5273.080569796265,231.17281905655662,0.47832666767054716,-0.0,0.004560961108965094,-0.19172030538461537,9.888237192211541,-1.8553221446346144,-9.930596146230767,1.6238212568846155,11.554417403115385,1.0465827962602097,1.9047731632846654,1.0017039858817707,-1.7285463456783803,0.9110144109604801,-18.448124891911554,1.0639982259969278,10.07002460637535,2.108466536538585,0,0,0,2,1,1,2.2744916085,13.80017853,-0.517147541,0.9050082564999999,0.0,0.0,1,4,1,-1.762132406,6.65109229075,-5.248090267,0.0,0.825510099600973,0.0,0,0,0,52,bricks
1.1399992320093373,3.9625886268301906,0.79984235722469421,4.941632271,4.522646904,3.6439749304999998,0.0,2.5545078972038975,0.20590138449999995,64.58925764646648,5318.729909547155,207.64611932497706,0.5300601662343115,-0.0,0.01492981248704954,-0.31953384261538464,9.915678436923077,-1.7869953120192306,-10.02802175219231,1.4438877911346155,11.471909543326927,1.0677074655584915,1.9906251849180925,0.894339061667718,-2.98782293782615,1.191895827928411,-18.123953931788982,1.1144958988645453,10.113519045875748,1.9982979263371619,0,0,0,1,2,1,3.179499865,14.312537670000001,0.153228909,0.0,0.51235914,0.0,1,3,2,-1.762132406,6.588843027666667,-3.4907460214999997,0.0,0.9450516827348328,0.20590138449999995,0,0,0,52,bricks
